/*
 Navicat Premium Data Transfer

 Source Server         : localhost
 Source Server Type    : MySQL
 Source Server Version : 50726
 Source Host           : localhost:3306
 Source Schema         : hdw_dubbo

 Target Server Type    : MySQL
 Target Server Version : 50726
 File Encoding         : 65001

 Date: 30/05/2019 15:46:23
*/

SET NAMES utf8mb4;
SET FOREIGN_KEY_CHECKS = 0;

-- ----------------------------
-- Table structure for qrtz_blob_triggers
-- ----------------------------
DROP TABLE IF EXISTS `qrtz_blob_triggers`;
CREATE TABLE `qrtz_blob_triggers`  (
  `SCHED_NAME` varchar(120) CHARACTER SET utf8 COLLATE utf8_general_ci NOT NULL,
  `TRIGGER_NAME` varchar(200) CHARACTER SET utf8 COLLATE utf8_general_ci NOT NULL,
  `TRIGGER_GROUP` varchar(200) CHARACTER SET utf8 COLLATE utf8_general_ci NOT NULL,
  `BLOB_DATA` blob NULL,
  PRIMARY KEY (`SCHED_NAME`, `TRIGGER_NAME`, `TRIGGER_GROUP`) USING BTREE,
  INDEX `SCHED_NAME`(`SCHED_NAME`, `TRIGGER_NAME`, `TRIGGER_GROUP`) USING BTREE,
  CONSTRAINT `qrtz_blob_triggers_ibfk_1` FOREIGN KEY (`SCHED_NAME`, `TRIGGER_NAME`, `TRIGGER_GROUP`) REFERENCES `qrtz_triggers` (`SCHED_NAME`, `TRIGGER_NAME`, `TRIGGER_GROUP`) ON DELETE RESTRICT ON UPDATE RESTRICT
) ENGINE = InnoDB CHARACTER SET = utf8 COLLATE = utf8_general_ci ROW_FORMAT = Dynamic;

-- ----------------------------
-- Table structure for qrtz_calendars
-- ----------------------------
DROP TABLE IF EXISTS `qrtz_calendars`;
CREATE TABLE `qrtz_calendars`  (
  `SCHED_NAME` varchar(120) CHARACTER SET utf8 COLLATE utf8_general_ci NOT NULL,
  `CALENDAR_NAME` varchar(200) CHARACTER SET utf8 COLLATE utf8_general_ci NOT NULL,
  `CALENDAR` blob NOT NULL,
  PRIMARY KEY (`SCHED_NAME`, `CALENDAR_NAME`) USING BTREE
) ENGINE = InnoDB CHARACTER SET = utf8 COLLATE = utf8_general_ci ROW_FORMAT = Dynamic;

-- ----------------------------
-- Table structure for qrtz_cron_triggers
-- ----------------------------
DROP TABLE IF EXISTS `qrtz_cron_triggers`;
CREATE TABLE `qrtz_cron_triggers`  (
  `SCHED_NAME` varchar(120) CHARACTER SET utf8 COLLATE utf8_general_ci NOT NULL,
  `TRIGGER_NAME` varchar(200) CHARACTER SET utf8 COLLATE utf8_general_ci NOT NULL,
  `TRIGGER_GROUP` varchar(200) CHARACTER SET utf8 COLLATE utf8_general_ci NOT NULL,
  `CRON_EXPRESSION` varchar(120) CHARACTER SET utf8 COLLATE utf8_general_ci NOT NULL,
  `TIME_ZONE_ID` varchar(80) CHARACTER SET utf8 COLLATE utf8_general_ci NULL DEFAULT NULL,
  PRIMARY KEY (`SCHED_NAME`, `TRIGGER_NAME`, `TRIGGER_GROUP`) USING BTREE,
  CONSTRAINT `qrtz_cron_triggers_ibfk_1` FOREIGN KEY (`SCHED_NAME`, `TRIGGER_NAME`, `TRIGGER_GROUP`) REFERENCES `qrtz_triggers` (`SCHED_NAME`, `TRIGGER_NAME`, `TRIGGER_GROUP`) ON DELETE RESTRICT ON UPDATE RESTRICT
) ENGINE = InnoDB CHARACTER SET = utf8 COLLATE = utf8_general_ci ROW_FORMAT = Dynamic;

-- ----------------------------
-- Records of qrtz_cron_triggers
-- ----------------------------
INSERT INTO `qrtz_cron_triggers` VALUES ('hdw-dubbo-Scheduler', 'TASK_1075657352257654785', 'DEFAULT', '*/10 * * * * ?', 'Asia/Shanghai');
INSERT INTO `qrtz_cron_triggers` VALUES ('hdw-dubbo-Scheduler', 'TASK_1086176328410615809', 'DEFAULT', '*/10 * * * * ?', 'Asia/Shanghai');
INSERT INTO `qrtz_cron_triggers` VALUES ('hdw-dubbo-Scheduler', 'TASK_1086176462716424193', 'DEFAULT', '*/10 * * * * ?', 'Asia/Shanghai');
INSERT INTO `qrtz_cron_triggers` VALUES ('HDWDubboScheduler', 'TASK_1075657352257654785', 'DEFAULT', '*/10 * * * * ?', 'Asia/Shanghai');
INSERT INTO `qrtz_cron_triggers` VALUES ('HDWDubboScheduler', 'TASK_1086176328410615809', 'DEFAULT', '*/10 * * * * ?', 'Asia/Shanghai');
INSERT INTO `qrtz_cron_triggers` VALUES ('HDWDubboScheduler', 'TASK_1086176462716424193', 'DEFAULT', '*/10 * * * * ?', 'Asia/Shanghai');

-- ----------------------------
-- Table structure for qrtz_fired_triggers
-- ----------------------------
DROP TABLE IF EXISTS `qrtz_fired_triggers`;
CREATE TABLE `qrtz_fired_triggers`  (
  `SCHED_NAME` varchar(120) CHARACTER SET utf8 COLLATE utf8_general_ci NOT NULL,
  `ENTRY_ID` varchar(95) CHARACTER SET utf8 COLLATE utf8_general_ci NOT NULL,
  `TRIGGER_NAME` varchar(200) CHARACTER SET utf8 COLLATE utf8_general_ci NOT NULL,
  `TRIGGER_GROUP` varchar(200) CHARACTER SET utf8 COLLATE utf8_general_ci NOT NULL,
  `INSTANCE_NAME` varchar(200) CHARACTER SET utf8 COLLATE utf8_general_ci NOT NULL,
  `FIRED_TIME` bigint(13) NOT NULL,
  `SCHED_TIME` bigint(13) NOT NULL,
  `PRIORITY` int(11) NOT NULL,
  `STATE` varchar(16) CHARACTER SET utf8 COLLATE utf8_general_ci NOT NULL,
  `JOB_NAME` varchar(200) CHARACTER SET utf8 COLLATE utf8_general_ci NULL DEFAULT NULL,
  `JOB_GROUP` varchar(200) CHARACTER SET utf8 COLLATE utf8_general_ci NULL DEFAULT NULL,
  `IS_NONCONCURRENT` varchar(1) CHARACTER SET utf8 COLLATE utf8_general_ci NULL DEFAULT NULL,
  `REQUESTS_RECOVERY` varchar(1) CHARACTER SET utf8 COLLATE utf8_general_ci NULL DEFAULT NULL,
  PRIMARY KEY (`SCHED_NAME`, `ENTRY_ID`) USING BTREE,
  INDEX `IDX_QRTZ_FT_TRIG_INST_NAME`(`SCHED_NAME`, `INSTANCE_NAME`) USING BTREE,
  INDEX `IDX_QRTZ_FT_INST_JOB_REQ_RCVRY`(`SCHED_NAME`, `INSTANCE_NAME`, `REQUESTS_RECOVERY`) USING BTREE,
  INDEX `IDX_QRTZ_FT_J_G`(`SCHED_NAME`, `JOB_NAME`, `JOB_GROUP`) USING BTREE,
  INDEX `IDX_QRTZ_FT_JG`(`SCHED_NAME`, `JOB_GROUP`) USING BTREE,
  INDEX `IDX_QRTZ_FT_T_G`(`SCHED_NAME`, `TRIGGER_NAME`, `TRIGGER_GROUP`) USING BTREE,
  INDEX `IDX_QRTZ_FT_TG`(`SCHED_NAME`, `TRIGGER_GROUP`) USING BTREE
) ENGINE = InnoDB CHARACTER SET = utf8 COLLATE = utf8_general_ci ROW_FORMAT = Dynamic;

-- ----------------------------
-- Records of qrtz_fired_triggers
-- ----------------------------
INSERT INTO `qrtz_fired_triggers` VALUES ('hdw-dubbo-Scheduler', 'WIN-UI6SU3S1HIE15592001181881559200118822', 'TASK_1086176462716424193', 'DEFAULT', 'WIN-UI6SU3S1HIE1559200118188', 1559202340294, 1559202340000, 5, 'EXECUTING', 'TASK_1086176462716424193', 'DEFAULT', '0', '0');
INSERT INTO `qrtz_fired_triggers` VALUES ('HDWDubboScheduler', 'LENOVO-LEGION15478001346571547800134677', 'TASK_1086176462716424193', 'DEFAULT', 'LENOVO-LEGION1547800134657', 1547800300027, 1547800300000, 5, 'EXECUTING', 'TASK_1086176462716424193', 'DEFAULT', '0', '0');
INSERT INTO `qrtz_fired_triggers` VALUES ('HDWDubboScheduler', 'LENOVO-LEGION15478001346571547800134678', 'TASK_1075657352257654785', 'DEFAULT', 'LENOVO-LEGION1547800134657', 1547800300036, 1547800310000, 5, 'ACQUIRED', NULL, NULL, '0', '0');

-- ----------------------------
-- Table structure for qrtz_job_details
-- ----------------------------
DROP TABLE IF EXISTS `qrtz_job_details`;
CREATE TABLE `qrtz_job_details`  (
  `SCHED_NAME` varchar(120) CHARACTER SET utf8 COLLATE utf8_general_ci NOT NULL,
  `JOB_NAME` varchar(200) CHARACTER SET utf8 COLLATE utf8_general_ci NOT NULL,
  `JOB_GROUP` varchar(200) CHARACTER SET utf8 COLLATE utf8_general_ci NOT NULL,
  `DESCRIPTION` varchar(250) CHARACTER SET utf8 COLLATE utf8_general_ci NULL DEFAULT NULL,
  `JOB_CLASS_NAME` varchar(250) CHARACTER SET utf8 COLLATE utf8_general_ci NOT NULL,
  `IS_DURABLE` varchar(1) CHARACTER SET utf8 COLLATE utf8_general_ci NOT NULL,
  `IS_NONCONCURRENT` varchar(1) CHARACTER SET utf8 COLLATE utf8_general_ci NOT NULL,
  `IS_UPDATE_DATA` varchar(1) CHARACTER SET utf8 COLLATE utf8_general_ci NOT NULL,
  `REQUESTS_RECOVERY` varchar(1) CHARACTER SET utf8 COLLATE utf8_general_ci NOT NULL,
  `JOB_DATA` blob NULL,
  PRIMARY KEY (`SCHED_NAME`, `JOB_NAME`, `JOB_GROUP`) USING BTREE,
  INDEX `IDX_QRTZ_J_REQ_RECOVERY`(`SCHED_NAME`, `REQUESTS_RECOVERY`) USING BTREE,
  INDEX `IDX_QRTZ_J_GRP`(`SCHED_NAME`, `JOB_GROUP`) USING BTREE
) ENGINE = InnoDB CHARACTER SET = utf8 COLLATE = utf8_general_ci ROW_FORMAT = Dynamic;

-- ----------------------------
-- Records of qrtz_job_details
-- ----------------------------
INSERT INTO `qrtz_job_details` VALUES ('hdw-dubbo-Scheduler', 'TASK_1075657352257654785', 'DEFAULT', NULL, 'com.hdw.job.utils.ScheduleJob', '0', '0', '0', '0', 0xACED0005737200156F72672E71756172747A2E4A6F62446174614D61709FB083E8BFA9B0CB020000787200266F72672E71756172747A2E7574696C732E537472696E674B65794469727479466C61674D61708208E8C3FBC55D280200015A0013616C6C6F77735472616E7369656E74446174617872001D6F72672E71756172747A2E7574696C732E4469727479466C61674D617013E62EAD28760ACE0200025A000564697274794C00036D617074000F4C6A6176612F7574696C2F4D61703B787001737200116A6176612E7574696C2E486173684D61700507DAC1C31660D103000246000A6C6F6164466163746F724900097468726573686F6C6478703F4000000000000C7708000000100000000174000D4A4F425F504152414D5F4B455973720024636F6D2E6864772E6A6F622E656E746974792E5363686564756C654A6F62456E7469747900000000000000010200084C00086265616E4E616D657400124C6A6176612F6C616E672F537472696E673B4C000A63726561746554696D657400104C6A6176612F7574696C2F446174653B4C000E63726F6E45787072657373696F6E71007E00094C00056A6F6249647400104C6A6176612F6C616E672F4C6F6E673B4C000A6D6574686F644E616D6571007E00094C0006706172616D7371007E00094C000672656D61726B71007E00094C00067374617475737400134C6A6176612F6C616E672F496E74656765723B7870740008746573745461736B7372000E6A6176612E7574696C2E44617465686A81014B5974190300007870770800000167CA8FA9C07874000E2A2F3130202A202A202A202A203F7372000E6A6176612E6C616E672E4C6F6E673B8BE490CC8F23DF0200014A000576616C7565787200106A6176612E6C616E672E4E756D62657286AC951D0B94E08B02000078700EED80A9AD5AD00174000474657374740006E58F82E695B0740015E69C89E58F82E695B0E6B58BE8AF95E696B9E6B395737200116A6176612E6C616E672E496E746567657212E2A0A4F781873802000149000576616C75657871007E0013000000007800);
INSERT INTO `qrtz_job_details` VALUES ('hdw-dubbo-Scheduler', 'TASK_1086176328410615809', 'DEFAULT', NULL, 'com.hdw.job.utils.ScheduleJob', '0', '0', '0', '0', 0xACED0005737200156F72672E71756172747A2E4A6F62446174614D61709FB083E8BFA9B0CB020000787200266F72672E71756172747A2E7574696C732E537472696E674B65794469727479466C61674D61708208E8C3FBC55D280200015A0013616C6C6F77735472616E7369656E74446174617872001D6F72672E71756172747A2E7574696C732E4469727479466C61674D617013E62EAD28760ACE0200025A000564697274794C00036D617074000F4C6A6176612F7574696C2F4D61703B787001737200116A6176612E7574696C2E486173684D61700507DAC1C31660D103000246000A6C6F6164466163746F724900097468726573686F6C6478703F4000000000000C7708000000100000000174000D4A4F425F504152414D5F4B455973720024636F6D2E6864772E6A6F622E656E746974792E5363686564756C654A6F62456E7469747900000000000000010200084C00086265616E4E616D657400124C6A6176612F6C616E672F537472696E673B4C000A63726561746554696D657400104C6A6176612F7574696C2F446174653B4C000E63726F6E45787072657373696F6E71007E00094C00056A6F6249647400104C6A6176612F6C616E672F4C6F6E673B4C000A6D6574686F644E616D6571007E00094C0006706172616D7371007E00094C000672656D61726B71007E00094C00067374617475737400134C6A6176612F6C616E672F496E74656765723B7870740008746573745461736B7372000E6A6176612E7574696C2E44617465686A81014B5974190300007870770800000168600B7C407874000E2A2F3130202A202A202A202A203F7372000E6A6176612E6C616E672E4C6F6E673B8BE490CC8F23DF0200014A000576616C7565787200106A6176612E6C616E672E4E756D62657286AC951D0B94E08B02000078700F12DF9DAA5A50017400057465737432740000740015E697A0E58F82E695B0E6B58BE8AF95E696B9E6B395737200116A6176612E6C616E672E496E746567657212E2A0A4F781873802000149000576616C75657871007E0013000000007800);
INSERT INTO `qrtz_job_details` VALUES ('hdw-dubbo-Scheduler', 'TASK_1086176462716424193', 'DEFAULT', NULL, 'com.hdw.job.utils.ScheduleJob', '0', '0', '0', '0', 0xACED0005737200156F72672E71756172747A2E4A6F62446174614D61709FB083E8BFA9B0CB020000787200266F72672E71756172747A2E7574696C732E537472696E674B65794469727479466C61674D61708208E8C3FBC55D280200015A0013616C6C6F77735472616E7369656E74446174617872001D6F72672E71756172747A2E7574696C732E4469727479466C61674D617013E62EAD28760ACE0200025A000564697274794C00036D617074000F4C6A6176612F7574696C2F4D61703B787001737200116A6176612E7574696C2E486173684D61700507DAC1C31660D103000246000A6C6F6164466163746F724900097468726573686F6C6478703F4000000000000C7708000000100000000174000D4A4F425F504152414D5F4B455973720024636F6D2E6864772E6A6F622E656E746974792E5363686564756C654A6F62456E7469747900000000000000010200084C00086265616E4E616D657400124C6A6176612F6C616E672F537472696E673B4C000A63726561746554696D657400104C6A6176612F7574696C2F446174653B4C000E63726F6E45787072657373696F6E71007E00094C00056A6F6249647400104C6A6176612F6C616E672F4C6F6E673B4C000A6D6574686F644E616D6571007E00094C0006706172616D7371007E00094C000672656D61726B71007E00094C00067374617475737400134C6A6176612F6C616E672F496E74656765723B7870740008746573745461736B7372000E6A6176612E7574696C2E44617465686A81014B5974190300007870770800000168600BF9407874000E2A2F3130202A202A202A202A203F7372000E6A6176612E6C616E672E4C6F6E673B8BE490CC8F23DF0200014A000576616C7565787200106A6176612E6C616E672E4E756D62657286AC951D0B94E08B02000078700F12DFBCEF9A50017400057465737433740006E6B58BE8AF9574001BE69C89E58F82E695B0E5BC82E6ADA5E696B9E6B395E6B58BE8AF95737200116A6176612E6C616E672E496E746567657212E2A0A4F781873802000149000576616C75657871007E0013000000007800);
INSERT INTO `qrtz_job_details` VALUES ('HdwDubboScheduler', 'TASK_1075657352257654785', 'DEFAULT', NULL, 'com.hdw.job.utils.ScheduleJob', '0', '0', '0', '0', 0xACED0005737200156F72672E71756172747A2E4A6F62446174614D61709FB083E8BFA9B0CB020000787200266F72672E71756172747A2E7574696C732E537472696E674B65794469727479466C61674D61708208E8C3FBC55D280200015A0013616C6C6F77735472616E7369656E74446174617872001D6F72672E71756172747A2E7574696C732E4469727479466C61674D617013E62EAD28760ACE0200025A000564697274794C00036D617074000F4C6A6176612F7574696C2F4D61703B787001737200116A6176612E7574696C2E486173684D61700507DAC1C31660D103000246000A6C6F6164466163746F724900097468726573686F6C6478703F4000000000000C7708000000100000000174000D4A4F425F504152414D5F4B455973720024636F6D2E6864772E6A6F622E656E746974792E5363686564756C654A6F62456E7469747900000000000000010200084C00086265616E4E616D657400124C6A6176612F6C616E672F537472696E673B4C000A63726561746554696D657400104C6A6176612F7574696C2F446174653B4C000E63726F6E45787072657373696F6E71007E00094C00056A6F6249647400104C6A6176612F6C616E672F4C6F6E673B4C000A6D6574686F644E616D6571007E00094C0006706172616D7371007E00094C000672656D61726B71007E00094C00067374617475737400134C6A6176612F6C616E672F496E74656765723B7870740008746573745461736B7372000E6A6176612E7574696C2E44617465686A81014B5974190300007870770800000167CA8FA89D7874000E2A2F3130202A202A202A202A203F7372000E6A6176612E6C616E672E4C6F6E673B8BE490CC8F23DF0200014A000576616C7565787200106A6176612E6C616E672E4E756D62657286AC951D0B94E08B02000078700EED80A9AD5AD00174000474657374740009E69C89E58F82E695B0740000737200116A6176612E6C616E672E496E746567657212E2A0A4F781873802000149000576616C75657871007E0013000000007800);
INSERT INTO `qrtz_job_details` VALUES ('HDWDubboScheduler', 'TASK_1086176328410615809', 'DEFAULT', NULL, 'com.hdw.job.utils.ScheduleJob', '0', '0', '0', '0', 0xACED0005737200156F72672E71756172747A2E4A6F62446174614D61709FB083E8BFA9B0CB020000787200266F72672E71756172747A2E7574696C732E537472696E674B65794469727479466C61674D61708208E8C3FBC55D280200015A0013616C6C6F77735472616E7369656E74446174617872001D6F72672E71756172747A2E7574696C732E4469727479466C61674D617013E62EAD28760ACE0200025A000564697274794C00036D617074000F4C6A6176612F7574696C2F4D61703B787001737200116A6176612E7574696C2E486173684D61700507DAC1C31660D103000246000A6C6F6164466163746F724900097468726573686F6C6478703F4000000000000C7708000000100000000174000D4A4F425F504152414D5F4B455973720024636F6D2E6864772E6A6F622E656E746974792E5363686564756C654A6F62456E7469747900000000000000010200084C00086265616E4E616D657400124C6A6176612F6C616E672F537472696E673B4C000A63726561746554696D657400104C6A6176612F7574696C2F446174653B4C000E63726F6E45787072657373696F6E71007E00094C00056A6F6249647400104C6A6176612F6C616E672F4C6F6E673B4C000A6D6574686F644E616D6571007E00094C0006706172616D7371007E00094C000672656D61726B71007E00094C00067374617475737400134C6A6176612F6C616E672F496E74656765723B7870740008746573745461736B7372000E6A6176612E7574696C2E44617465686A81014B5974190300007870770800000168600B7A697874000E2A2F3130202A202A202A202A203F7372000E6A6176612E6C616E672E4C6F6E673B8BE490CC8F23DF0200014A000576616C7565787200106A6176612E6C616E672E4E756D62657286AC951D0B94E08B02000078700F12DF9DAA5A50017400057465737432740000740015E697A0E58F82E695B0E6B58BE8AF95E696B9E6B395737200116A6176612E6C616E672E496E746567657212E2A0A4F781873802000149000576616C75657871007E0013000000007800);
INSERT INTO `qrtz_job_details` VALUES ('HDWDubboScheduler', 'TASK_1086176462716424193', 'DEFAULT', NULL, 'com.hdw.job.utils.ScheduleJob', '0', '0', '0', '0', 0xACED0005737200156F72672E71756172747A2E4A6F62446174614D61709FB083E8BFA9B0CB020000787200266F72672E71756172747A2E7574696C732E537472696E674B65794469727479466C61674D61708208E8C3FBC55D280200015A0013616C6C6F77735472616E7369656E74446174617872001D6F72672E71756172747A2E7574696C732E4469727479466C61674D617013E62EAD28760ACE0200025A000564697274794C00036D617074000F4C6A6176612F7574696C2F4D61703B787001737200116A6176612E7574696C2E486173684D61700507DAC1C31660D103000246000A6C6F6164466163746F724900097468726573686F6C6478703F4000000000000C7708000000100000000174000D4A4F425F504152414D5F4B455973720024636F6D2E6864772E6A6F622E656E746974792E5363686564756C654A6F62456E7469747900000000000000010200084C00086265616E4E616D657400124C6A6176612F6C616E672F537472696E673B4C000A63726561746554696D657400104C6A6176612F7574696C2F446174653B4C000E63726F6E45787072657373696F6E71007E00094C00056A6F6249647400104C6A6176612F6C616E672F4C6F6E673B4C000A6D6574686F644E616D6571007E00094C0006706172616D7371007E00094C000672656D61726B71007E00094C00067374617475737400134C6A6176612F6C616E672F496E74656765723B7870740008746573745461736B7372000E6A6176612E7574696C2E44617465686A81014B5974190300007870770800000168600BF7807874000E2A2F3130202A202A202A202A203F7372000E6A6176612E6C616E672E4C6F6E673B8BE490CC8F23DF0200014A000576616C7565787200106A6176612E6C616E672E4E756D62657286AC951D0B94E08B02000078700F12DFBCEF9A50017400057465737433740006E6B58BE8AF9574001BE69C89E58F82E695B0E5BC82E5B8B8E696B9E6B395E6B58BE8AF95737200116A6176612E6C616E672E496E746567657212E2A0A4F781873802000149000576616C75657871007E0013000000007800);

-- ----------------------------
-- Table structure for qrtz_locks
-- ----------------------------
DROP TABLE IF EXISTS `qrtz_locks`;
CREATE TABLE `qrtz_locks`  (
  `SCHED_NAME` varchar(120) CHARACTER SET utf8 COLLATE utf8_general_ci NOT NULL,
  `LOCK_NAME` varchar(40) CHARACTER SET utf8 COLLATE utf8_general_ci NOT NULL,
  PRIMARY KEY (`SCHED_NAME`, `LOCK_NAME`) USING BTREE
) ENGINE = InnoDB CHARACTER SET = utf8 COLLATE = utf8_general_ci ROW_FORMAT = Dynamic;

-- ----------------------------
-- Records of qrtz_locks
-- ----------------------------
INSERT INTO `qrtz_locks` VALUES ('HdwDubboScheduler', 'STATE_ACCESS');
INSERT INTO `qrtz_locks` VALUES ('HdwDubboScheduler', 'TRIGGER_ACCESS');

-- ----------------------------
-- Table structure for qrtz_paused_trigger_grps
-- ----------------------------
DROP TABLE IF EXISTS `qrtz_paused_trigger_grps`;
CREATE TABLE `qrtz_paused_trigger_grps`  (
  `SCHED_NAME` varchar(120) CHARACTER SET utf8 COLLATE utf8_general_ci NOT NULL,
  `TRIGGER_GROUP` varchar(200) CHARACTER SET utf8 COLLATE utf8_general_ci NOT NULL,
  PRIMARY KEY (`SCHED_NAME`, `TRIGGER_GROUP`) USING BTREE
) ENGINE = InnoDB CHARACTER SET = utf8 COLLATE = utf8_general_ci ROW_FORMAT = Dynamic;

-- ----------------------------
-- Table structure for qrtz_scheduler_state
-- ----------------------------
DROP TABLE IF EXISTS `qrtz_scheduler_state`;
CREATE TABLE `qrtz_scheduler_state`  (
  `SCHED_NAME` varchar(120) CHARACTER SET utf8 COLLATE utf8_general_ci NOT NULL,
  `INSTANCE_NAME` varchar(200) CHARACTER SET utf8 COLLATE utf8_general_ci NOT NULL,
  `LAST_CHECKIN_TIME` bigint(13) NOT NULL,
  `CHECKIN_INTERVAL` bigint(13) NOT NULL,
  PRIMARY KEY (`SCHED_NAME`, `INSTANCE_NAME`) USING BTREE
) ENGINE = InnoDB CHARACTER SET = utf8 COLLATE = utf8_general_ci ROW_FORMAT = Dynamic;

-- ----------------------------
-- Records of qrtz_scheduler_state
-- ----------------------------
INSERT INTO `qrtz_scheduler_state` VALUES ('hdw-dubbo-Scheduler', 'WIN-UI6SU3S1HIE1559200118188', 1559202336266, 15000);
INSERT INTO `qrtz_scheduler_state` VALUES ('HDWDubboScheduler', 'LENOVO-LEGION1547800134657', 1547800291293, 15000);

-- ----------------------------
-- Table structure for qrtz_simple_triggers
-- ----------------------------
DROP TABLE IF EXISTS `qrtz_simple_triggers`;
CREATE TABLE `qrtz_simple_triggers`  (
  `SCHED_NAME` varchar(120) CHARACTER SET utf8 COLLATE utf8_general_ci NOT NULL,
  `TRIGGER_NAME` varchar(200) CHARACTER SET utf8 COLLATE utf8_general_ci NOT NULL,
  `TRIGGER_GROUP` varchar(200) CHARACTER SET utf8 COLLATE utf8_general_ci NOT NULL,
  `REPEAT_COUNT` bigint(7) NOT NULL,
  `REPEAT_INTERVAL` bigint(12) NOT NULL,
  `TIMES_TRIGGERED` bigint(10) NOT NULL,
  PRIMARY KEY (`SCHED_NAME`, `TRIGGER_NAME`, `TRIGGER_GROUP`) USING BTREE,
  CONSTRAINT `qrtz_simple_triggers_ibfk_1` FOREIGN KEY (`SCHED_NAME`, `TRIGGER_NAME`, `TRIGGER_GROUP`) REFERENCES `qrtz_triggers` (`SCHED_NAME`, `TRIGGER_NAME`, `TRIGGER_GROUP`) ON DELETE RESTRICT ON UPDATE RESTRICT
) ENGINE = InnoDB CHARACTER SET = utf8 COLLATE = utf8_general_ci ROW_FORMAT = Dynamic;

-- ----------------------------
-- Table structure for qrtz_simprop_triggers
-- ----------------------------
DROP TABLE IF EXISTS `qrtz_simprop_triggers`;
CREATE TABLE `qrtz_simprop_triggers`  (
  `SCHED_NAME` varchar(120) CHARACTER SET utf8 COLLATE utf8_general_ci NOT NULL,
  `TRIGGER_NAME` varchar(200) CHARACTER SET utf8 COLLATE utf8_general_ci NOT NULL,
  `TRIGGER_GROUP` varchar(200) CHARACTER SET utf8 COLLATE utf8_general_ci NOT NULL,
  `STR_PROP_1` varchar(512) CHARACTER SET utf8 COLLATE utf8_general_ci NULL DEFAULT NULL,
  `STR_PROP_2` varchar(512) CHARACTER SET utf8 COLLATE utf8_general_ci NULL DEFAULT NULL,
  `STR_PROP_3` varchar(512) CHARACTER SET utf8 COLLATE utf8_general_ci NULL DEFAULT NULL,
  `INT_PROP_1` int(11) NULL DEFAULT NULL,
  `INT_PROP_2` int(11) NULL DEFAULT NULL,
  `LONG_PROP_1` bigint(20) NULL DEFAULT NULL,
  `LONG_PROP_2` bigint(20) NULL DEFAULT NULL,
  `DEC_PROP_1` decimal(13, 4) NULL DEFAULT NULL,
  `DEC_PROP_2` decimal(13, 4) NULL DEFAULT NULL,
  `BOOL_PROP_1` varchar(1) CHARACTER SET utf8 COLLATE utf8_general_ci NULL DEFAULT NULL,
  `BOOL_PROP_2` varchar(1) CHARACTER SET utf8 COLLATE utf8_general_ci NULL DEFAULT NULL,
  PRIMARY KEY (`SCHED_NAME`, `TRIGGER_NAME`, `TRIGGER_GROUP`) USING BTREE,
  CONSTRAINT `qrtz_simprop_triggers_ibfk_1` FOREIGN KEY (`SCHED_NAME`, `TRIGGER_NAME`, `TRIGGER_GROUP`) REFERENCES `qrtz_triggers` (`SCHED_NAME`, `TRIGGER_NAME`, `TRIGGER_GROUP`) ON DELETE RESTRICT ON UPDATE RESTRICT
) ENGINE = InnoDB CHARACTER SET = utf8 COLLATE = utf8_general_ci ROW_FORMAT = Dynamic;

-- ----------------------------
-- Table structure for qrtz_triggers
-- ----------------------------
DROP TABLE IF EXISTS `qrtz_triggers`;
CREATE TABLE `qrtz_triggers`  (
  `SCHED_NAME` varchar(120) CHARACTER SET utf8 COLLATE utf8_general_ci NOT NULL,
  `TRIGGER_NAME` varchar(200) CHARACTER SET utf8 COLLATE utf8_general_ci NOT NULL,
  `TRIGGER_GROUP` varchar(200) CHARACTER SET utf8 COLLATE utf8_general_ci NOT NULL,
  `JOB_NAME` varchar(200) CHARACTER SET utf8 COLLATE utf8_general_ci NOT NULL,
  `JOB_GROUP` varchar(200) CHARACTER SET utf8 COLLATE utf8_general_ci NOT NULL,
  `DESCRIPTION` varchar(250) CHARACTER SET utf8 COLLATE utf8_general_ci NULL DEFAULT NULL,
  `NEXT_FIRE_TIME` bigint(13) NULL DEFAULT NULL,
  `PREV_FIRE_TIME` bigint(13) NULL DEFAULT NULL,
  `PRIORITY` int(11) NULL DEFAULT NULL,
  `TRIGGER_STATE` varchar(16) CHARACTER SET utf8 COLLATE utf8_general_ci NOT NULL,
  `TRIGGER_TYPE` varchar(8) CHARACTER SET utf8 COLLATE utf8_general_ci NOT NULL,
  `START_TIME` bigint(13) NOT NULL,
  `END_TIME` bigint(13) NULL DEFAULT NULL,
  `CALENDAR_NAME` varchar(200) CHARACTER SET utf8 COLLATE utf8_general_ci NULL DEFAULT NULL,
  `MISFIRE_INSTR` smallint(2) NULL DEFAULT NULL,
  `JOB_DATA` blob NULL,
  PRIMARY KEY (`SCHED_NAME`, `TRIGGER_NAME`, `TRIGGER_GROUP`) USING BTREE,
  INDEX `IDX_QRTZ_T_J`(`SCHED_NAME`, `JOB_NAME`, `JOB_GROUP`) USING BTREE,
  INDEX `IDX_QRTZ_T_JG`(`SCHED_NAME`, `JOB_GROUP`) USING BTREE,
  INDEX `IDX_QRTZ_T_C`(`SCHED_NAME`, `CALENDAR_NAME`) USING BTREE,
  INDEX `IDX_QRTZ_T_G`(`SCHED_NAME`, `TRIGGER_GROUP`) USING BTREE,
  INDEX `IDX_QRTZ_T_STATE`(`SCHED_NAME`, `TRIGGER_STATE`) USING BTREE,
  INDEX `IDX_QRTZ_T_N_STATE`(`SCHED_NAME`, `TRIGGER_NAME`, `TRIGGER_GROUP`, `TRIGGER_STATE`) USING BTREE,
  INDEX `IDX_QRTZ_T_N_G_STATE`(`SCHED_NAME`, `TRIGGER_GROUP`, `TRIGGER_STATE`) USING BTREE,
  INDEX `IDX_QRTZ_T_NEXT_FIRE_TIME`(`SCHED_NAME`, `NEXT_FIRE_TIME`) USING BTREE,
  INDEX `IDX_QRTZ_T_NFT_ST`(`SCHED_NAME`, `TRIGGER_STATE`, `NEXT_FIRE_TIME`) USING BTREE,
  INDEX `IDX_QRTZ_T_NFT_MISFIRE`(`SCHED_NAME`, `MISFIRE_INSTR`, `NEXT_FIRE_TIME`) USING BTREE,
  INDEX `IDX_QRTZ_T_NFT_ST_MISFIRE`(`SCHED_NAME`, `MISFIRE_INSTR`, `NEXT_FIRE_TIME`, `TRIGGER_STATE`) USING BTREE,
  INDEX `IDX_QRTZ_T_NFT_ST_MISFIRE_GRP`(`SCHED_NAME`, `MISFIRE_INSTR`, `NEXT_FIRE_TIME`, `TRIGGER_GROUP`, `TRIGGER_STATE`) USING BTREE,
  CONSTRAINT `qrtz_triggers_ibfk_1` FOREIGN KEY (`SCHED_NAME`, `JOB_NAME`, `JOB_GROUP`) REFERENCES `qrtz_job_details` (`SCHED_NAME`, `JOB_NAME`, `JOB_GROUP`) ON DELETE RESTRICT ON UPDATE RESTRICT
) ENGINE = InnoDB CHARACTER SET = utf8 COLLATE = utf8_general_ci ROW_FORMAT = Dynamic;

-- ----------------------------
-- Records of qrtz_triggers
-- ----------------------------
INSERT INTO `qrtz_triggers` VALUES ('hdw-dubbo-Scheduler', 'TASK_1075657352257654785', 'DEFAULT', 'TASK_1075657352257654785', 'DEFAULT', NULL, 1559202350000, 1559202340000, 5, 'WAITING', 'CRON', 1559195002000, 0, NULL, 2, 0xACED0005737200156F72672E71756172747A2E4A6F62446174614D61709FB083E8BFA9B0CB020000787200266F72672E71756172747A2E7574696C732E537472696E674B65794469727479466C61674D61708208E8C3FBC55D280200015A0013616C6C6F77735472616E7369656E74446174617872001D6F72672E71756172747A2E7574696C732E4469727479466C61674D617013E62EAD28760ACE0200025A000564697274794C00036D617074000F4C6A6176612F7574696C2F4D61703B787001737200116A6176612E7574696C2E486173684D61700507DAC1C31660D103000246000A6C6F6164466163746F724900097468726573686F6C6478703F4000000000000C7708000000100000000174000D4A4F425F504152414D5F4B455973720024636F6D2E6864772E6A6F622E656E746974792E5363686564756C654A6F62456E7469747900000000000000010200084C00086265616E4E616D657400124C6A6176612F6C616E672F537472696E673B4C000A63726561746554696D657400104C6A6176612F7574696C2F446174653B4C000E63726F6E45787072657373696F6E71007E00094C00056A6F6249647400104C6A6176612F6C616E672F4C6F6E673B4C000A6D6574686F644E616D6571007E00094C0006706172616D7371007E00094C000672656D61726B71007E00094C00067374617475737400134C6A6176612F6C616E672F496E74656765723B7870740008746573745461736B7372000E6A6176612E7574696C2E44617465686A81014B5974190300007870770800000167CA8FA9C07874000E2A2F3130202A202A202A202A203F7372000E6A6176612E6C616E672E4C6F6E673B8BE490CC8F23DF0200014A000576616C7565787200106A6176612E6C616E672E4E756D62657286AC951D0B94E08B02000078700EED80A9AD5AD00174000474657374740006E58F82E695B0740015E69C89E58F82E695B0E6B58BE8AF95E696B9E6B395737200116A6176612E6C616E672E496E746567657212E2A0A4F781873802000149000576616C75657871007E0013000000007800);
INSERT INTO `qrtz_triggers` VALUES ('hdw-dubbo-Scheduler', 'TASK_1086176328410615809', 'DEFAULT', 'TASK_1086176328410615809', 'DEFAULT', NULL, 1559202350000, 1559202340000, 5, 'WAITING', 'CRON', 1559195002000, 0, NULL, 2, 0xACED0005737200156F72672E71756172747A2E4A6F62446174614D61709FB083E8BFA9B0CB020000787200266F72672E71756172747A2E7574696C732E537472696E674B65794469727479466C61674D61708208E8C3FBC55D280200015A0013616C6C6F77735472616E7369656E74446174617872001D6F72672E71756172747A2E7574696C732E4469727479466C61674D617013E62EAD28760ACE0200025A000564697274794C00036D617074000F4C6A6176612F7574696C2F4D61703B787001737200116A6176612E7574696C2E486173684D61700507DAC1C31660D103000246000A6C6F6164466163746F724900097468726573686F6C6478703F4000000000000C7708000000100000000174000D4A4F425F504152414D5F4B455973720024636F6D2E6864772E6A6F622E656E746974792E5363686564756C654A6F62456E7469747900000000000000010200084C00086265616E4E616D657400124C6A6176612F6C616E672F537472696E673B4C000A63726561746554696D657400104C6A6176612F7574696C2F446174653B4C000E63726F6E45787072657373696F6E71007E00094C00056A6F6249647400104C6A6176612F6C616E672F4C6F6E673B4C000A6D6574686F644E616D6571007E00094C0006706172616D7371007E00094C000672656D61726B71007E00094C00067374617475737400134C6A6176612F6C616E672F496E74656765723B7870740008746573745461736B7372000E6A6176612E7574696C2E44617465686A81014B5974190300007870770800000168600B7C407874000E2A2F3130202A202A202A202A203F7372000E6A6176612E6C616E672E4C6F6E673B8BE490CC8F23DF0200014A000576616C7565787200106A6176612E6C616E672E4E756D62657286AC951D0B94E08B02000078700F12DF9DAA5A50017400057465737432740000740015E697A0E58F82E695B0E6B58BE8AF95E696B9E6B395737200116A6176612E6C616E672E496E746567657212E2A0A4F781873802000149000576616C75657871007E0013000000007800);
INSERT INTO `qrtz_triggers` VALUES ('hdw-dubbo-Scheduler', 'TASK_1086176462716424193', 'DEFAULT', 'TASK_1086176462716424193', 'DEFAULT', NULL, 1559202350000, 1559202340000, 5, 'WAITING', 'CRON', 1559195002000, 0, NULL, 2, 0xACED0005737200156F72672E71756172747A2E4A6F62446174614D61709FB083E8BFA9B0CB020000787200266F72672E71756172747A2E7574696C732E537472696E674B65794469727479466C61674D61708208E8C3FBC55D280200015A0013616C6C6F77735472616E7369656E74446174617872001D6F72672E71756172747A2E7574696C732E4469727479466C61674D617013E62EAD28760ACE0200025A000564697274794C00036D617074000F4C6A6176612F7574696C2F4D61703B787001737200116A6176612E7574696C2E486173684D61700507DAC1C31660D103000246000A6C6F6164466163746F724900097468726573686F6C6478703F4000000000000C7708000000100000000174000D4A4F425F504152414D5F4B455973720024636F6D2E6864772E6A6F622E656E746974792E5363686564756C654A6F62456E7469747900000000000000010200084C00086265616E4E616D657400124C6A6176612F6C616E672F537472696E673B4C000A63726561746554696D657400104C6A6176612F7574696C2F446174653B4C000E63726F6E45787072657373696F6E71007E00094C00056A6F6249647400104C6A6176612F6C616E672F4C6F6E673B4C000A6D6574686F644E616D6571007E00094C0006706172616D7371007E00094C000672656D61726B71007E00094C00067374617475737400134C6A6176612F6C616E672F496E74656765723B7870740008746573745461736B7372000E6A6176612E7574696C2E44617465686A81014B5974190300007870770800000168600BF9407874000E2A2F3130202A202A202A202A203F7372000E6A6176612E6C616E672E4C6F6E673B8BE490CC8F23DF0200014A000576616C7565787200106A6176612E6C616E672E4E756D62657286AC951D0B94E08B02000078700F12DFBCEF9A50017400057465737433740006E6B58BE8AF9574001BE69C89E58F82E695B0E5BC82E6ADA5E696B9E6B395E6B58BE8AF95737200116A6176612E6C616E672E496E746567657212E2A0A4F781873802000149000576616C75657871007E0013000000007800);
INSERT INTO `qrtz_triggers` VALUES ('HDWDubboScheduler', 'TASK_1075657352257654785', 'DEFAULT', 'TASK_1075657352257654785', 'DEFAULT', NULL, 1545291680000, -1, 5, 'WAITING', 'CRON', 1545291672000, 0, NULL, 2, 0xACED0005737200156F72672E71756172747A2E4A6F62446174614D61709FB083E8BFA9B0CB020000787200266F72672E71756172747A2E7574696C732E537472696E674B65794469727479466C61674D61708208E8C3FBC55D280200015A0013616C6C6F77735472616E7369656E74446174617872001D6F72672E71756172747A2E7574696C732E4469727479466C61674D617013E62EAD28760ACE0200025A000564697274794C00036D617074000F4C6A6176612F7574696C2F4D61703B787001737200116A6176612E7574696C2E486173684D61700507DAC1C31660D103000246000A6C6F6164466163746F724900097468726573686F6C6478703F4000000000000C7708000000100000000174000D4A4F425F504152414D5F4B455973720024636F6D2E6864772E6A6F622E656E746974792E5363686564756C654A6F62456E7469747900000000000000010200084C00086265616E4E616D657400124C6A6176612F6C616E672F537472696E673B4C000A63726561746554696D657400104C6A6176612F7574696C2F446174653B4C000E63726F6E45787072657373696F6E71007E00094C00056A6F6249647400104C6A6176612F6C616E672F4C6F6E673B4C000A6D6574686F644E616D6571007E00094C0006706172616D7371007E00094C000672656D61726B71007E00094C00067374617475737400134C6A6176612F6C616E672F496E74656765723B7870740008746573745461736B7372000E6A6176612E7574696C2E44617465686A81014B5974190300007870770800000167CA8FA9C07874000E2A2F3130202A202A202A202A203F7372000E6A6176612E6C616E672E4C6F6E673B8BE490CC8F23DF0200014A000576616C7565787200106A6176612E6C616E672E4E756D62657286AC951D0B94E08B02000078700EED80A9AD5AD00174000474657374740006E58F82E695B0740015E69C89E58F82E695B0E6B58BE8AF95E696B9E6B395737200116A6176612E6C616E672E496E746567657212E2A0A4F781873802000149000576616C75657871007E0013000000007800);
INSERT INTO `qrtz_triggers` VALUES ('HDWDubboScheduler', 'TASK_1086176328410615809', 'DEFAULT', 'TASK_1086176328410615809', 'DEFAULT', NULL, 1547799600000, -1, 5, 'WAITING', 'CRON', 1547799591000, 0, NULL, 2, 0xACED0005737200156F72672E71756172747A2E4A6F62446174614D61709FB083E8BFA9B0CB020000787200266F72672E71756172747A2E7574696C732E537472696E674B65794469727479466C61674D61708208E8C3FBC55D280200015A0013616C6C6F77735472616E7369656E74446174617872001D6F72672E71756172747A2E7574696C732E4469727479466C61674D617013E62EAD28760ACE0200025A000564697274794C00036D617074000F4C6A6176612F7574696C2F4D61703B787001737200116A6176612E7574696C2E486173684D61700507DAC1C31660D103000246000A6C6F6164466163746F724900097468726573686F6C6478703F4000000000000C7708000000100000000174000D4A4F425F504152414D5F4B455973720024636F6D2E6864772E6A6F622E656E746974792E5363686564756C654A6F62456E7469747900000000000000010200084C00086265616E4E616D657400124C6A6176612F6C616E672F537472696E673B4C000A63726561746554696D657400104C6A6176612F7574696C2F446174653B4C000E63726F6E45787072657373696F6E71007E00094C00056A6F6249647400104C6A6176612F6C616E672F4C6F6E673B4C000A6D6574686F644E616D6571007E00094C0006706172616D7371007E00094C000672656D61726B71007E00094C00067374617475737400134C6A6176612F6C616E672F496E74656765723B7870740008746573745461736B7372000E6A6176612E7574696C2E44617465686A81014B5974190300007870770800000168600B7C407874000E2A2F3130202A202A202A202A203F7372000E6A6176612E6C616E672E4C6F6E673B8BE490CC8F23DF0200014A000576616C7565787200106A6176612E6C616E672E4E756D62657286AC951D0B94E08B02000078700F12DF9DAA5A50017400057465737432740000740015E697A0E58F82E695B0E6B58BE8AF95E696B9E6B395737200116A6176612E6C616E672E496E746567657212E2A0A4F781873802000149000576616C75657871007E0013000000007800);
INSERT INTO `qrtz_triggers` VALUES ('HDWDubboScheduler', 'TASK_1086176462716424193', 'DEFAULT', 'TASK_1086176462716424193', 'DEFAULT', NULL, 1547799630000, -1, 5, 'WAITING', 'CRON', 1547799623000, 0, NULL, 2, 0xACED0005737200156F72672E71756172747A2E4A6F62446174614D61709FB083E8BFA9B0CB020000787200266F72672E71756172747A2E7574696C732E537472696E674B65794469727479466C61674D61708208E8C3FBC55D280200015A0013616C6C6F77735472616E7369656E74446174617872001D6F72672E71756172747A2E7574696C732E4469727479466C61674D617013E62EAD28760ACE0200025A000564697274794C00036D617074000F4C6A6176612F7574696C2F4D61703B787001737200116A6176612E7574696C2E486173684D61700507DAC1C31660D103000246000A6C6F6164466163746F724900097468726573686F6C6478703F4000000000000C7708000000100000000174000D4A4F425F504152414D5F4B455973720024636F6D2E6864772E6A6F622E656E746974792E5363686564756C654A6F62456E7469747900000000000000010200084C00086265616E4E616D657400124C6A6176612F6C616E672F537472696E673B4C000A63726561746554696D657400104C6A6176612F7574696C2F446174653B4C000E63726F6E45787072657373696F6E71007E00094C00056A6F6249647400104C6A6176612F6C616E672F4C6F6E673B4C000A6D6574686F644E616D6571007E00094C0006706172616D7371007E00094C000672656D61726B71007E00094C00067374617475737400134C6A6176612F6C616E672F496E74656765723B7870740008746573745461736B7372000E6A6176612E7574696C2E44617465686A81014B5974190300007870770800000168600BF9407874000E2A2F3130202A202A202A202A203F7372000E6A6176612E6C616E672E4C6F6E673B8BE490CC8F23DF0200014A000576616C7565787200106A6176612E6C616E672E4E756D62657286AC951D0B94E08B02000078700F12DFBCEF9A50017400057465737433740006E6B58BE8AF9574001BE69C89E58F82E695B0E5BC82E6ADA5E696B9E6B395E6B58BE8AF95737200116A6176612E6C616E672E496E746567657212E2A0A4F781873802000149000576616C75657871007E0013000000007800);

-- ----------------------------
-- Table structure for t_enterprise
-- ----------------------------
DROP TABLE IF EXISTS `t_enterprise`;
CREATE TABLE `t_enterprise`  (
  `id` varchar(32) CHARACTER SET utf8 COLLATE utf8_general_ci NOT NULL COMMENT '主键ID',
  `prefix` varchar(4) CHARACTER SET utf8 COLLATE utf8_general_ci NULL DEFAULT NULL COMMENT '企业id前缀',
  `business_license_number` varchar(255) CHARACTER SET utf8 COLLATE utf8_general_ci NULL DEFAULT NULL COMMENT '企业注册码(工商注册码-三证合一)',
  `enterprise_code` varchar(20) CHARACTER SET utf8 COLLATE utf8_general_ci NULL DEFAULT NULL COMMENT '企业编号',
  `enterprise_name` varchar(255) CHARACTER SET utf8 COLLATE utf8_general_ci NULL DEFAULT NULL COMMENT '企业名称',
  `industry_code` varchar(20) CHARACTER SET utf8 COLLATE utf8_general_ci NULL DEFAULT NULL COMMENT '所属行业',
  `area_code` varchar(20) CHARACTER SET utf8 COLLATE utf8_general_ci NULL DEFAULT NULL COMMENT '所属区域',
  `enterprise_type` tinyint(4) NULL DEFAULT NULL COMMENT '企业类型(国企:0，民企:1，私企:2，外企:3)',
  `telephone` varchar(60) CHARACTER SET utf8 COLLATE utf8_general_ci NULL DEFAULT NULL COMMENT '企业联系电话',
  `email` varchar(255) CHARACTER SET utf8 COLLATE utf8_general_ci NULL DEFAULT NULL COMMENT '企业邮箱',
  `zip_code` varchar(255) CHARACTER SET utf8 COLLATE utf8_general_ci NULL DEFAULT NULL COMMENT '邮政编码',
  `legal_person` varchar(60) CHARACTER SET utf8 COLLATE utf8_general_ci NULL DEFAULT NULL COMMENT '法人',
  `main_person` varchar(255) CHARACTER SET utf8 COLLATE utf8_general_ci NULL DEFAULT NULL COMMENT '企业负责人姓名',
  `main_person_mobile` varchar(255) CHARACTER SET utf8 COLLATE utf8_general_ci NULL DEFAULT NULL COMMENT '企业负责人移动电话号码',
  `main_person_telephone` varchar(255) CHARACTER SET utf8 COLLATE utf8_general_ci NULL DEFAULT NULL COMMENT '企业负责人固定电话号码',
  `safe_person` varchar(255) CHARACTER SET utf8 COLLATE utf8_general_ci NULL DEFAULT NULL COMMENT '企业安全负责人姓名',
  `safe_person_mobile` varchar(255) CHARACTER SET utf8 COLLATE utf8_general_ci NULL DEFAULT NULL COMMENT '企业安全负责人移动电话号码',
  `safe_person_telephone` varchar(255) CHARACTER SET utf8 COLLATE utf8_general_ci NULL DEFAULT NULL COMMENT '企业安全负责人固定电话号码',
  `map_x` varchar(255) CHARACTER SET utf8 COLLATE utf8_general_ci NULL DEFAULT NULL COMMENT 'x坐标',
  `map_y` varchar(255) CHARACTER SET utf8 COLLATE utf8_general_ci NULL DEFAULT NULL COMMENT 'y坐标',
  `map_z` varchar(255) CHARACTER SET utf8 COLLATE utf8_general_ci NULL DEFAULT NULL COMMENT 'z坐标',
  `address` varchar(255) CHARACTER SET utf8 COLLATE utf8_general_ci NULL DEFAULT NULL COMMENT '地址',
  `is_sync` tinyint(4) NULL DEFAULT 1 COMMENT '数据是否同步(0:是,1:否)',
  `status` tinyint(4) NULL DEFAULT 0 COMMENT '企业状态（0-正常，1-禁用）',
  `create_time` datetime(0) NULL DEFAULT NULL COMMENT '记录创建时间',
  `update_time` datetime(0) NULL DEFAULT NULL COMMENT '记录最后修改时间',
  `create_user` varchar(20) CHARACTER SET utf8 COLLATE utf8_general_ci NULL DEFAULT NULL COMMENT '记录创建者(用户)',
  `update_user` varchar(20) CHARACTER SET utf8 COLLATE utf8_general_ci NULL DEFAULT NULL COMMENT '记录最后修改者(用户)',
  PRIMARY KEY (`id`) USING BTREE,
  INDEX `enterprise_id`(`enterprise_code`) USING BTREE
) ENGINE = InnoDB CHARACTER SET = utf8 COLLATE = utf8_general_ci COMMENT = '企业信息表' ROW_FORMAT = Dynamic;

-- ----------------------------
-- Records of t_enterprise
-- ----------------------------
INSERT INTO `t_enterprise` VALUES ('1', 'cctk', '20181218', '96', '测试企业', '85', '60', 1, '13888888888', 'tuminglong@126.com', '430071', '测试人', '测试人', '13888888888', '027-88888888', '测试人', '13888888888', '027-88888888', '100', '100', '100', '测试', 0, 0, '2018-12-18 10:56:46', '2018-12-18 10:55:29', NULL, 'admin');

-- ----------------------------
-- Table structure for t_enterprise_department
-- ----------------------------
DROP TABLE IF EXISTS `t_enterprise_department`;
CREATE TABLE `t_enterprise_department`  (
  `id` varchar(32) CHARACTER SET utf8 COLLATE utf8_general_ci NOT NULL,
  `parent_id` varchar(32) CHARACTER SET utf8 COLLATE utf8_general_ci NULL DEFAULT NULL COMMENT '企业部门父ID',
  `enterprise_id` varchar(32) CHARACTER SET utf8 COLLATE utf8_general_ci NULL DEFAULT NULL COMMENT '企业ID(对应企业主表ID)',
  `department_code` varchar(255) CHARACTER SET utf8 COLLATE utf8_general_ci NULL DEFAULT NULL COMMENT '部门代码(可添加多个部门ID，用逗号隔开，表示该部门可以管理多个部门)',
  `department_name` varchar(100) CHARACTER SET utf8 COLLATE utf8_general_ci NULL DEFAULT NULL COMMENT '部门名称',
  `create_time` datetime(0) NULL DEFAULT NULL COMMENT '记录创建时间',
  `update_time` datetime(0) NULL DEFAULT NULL COMMENT '记录最后修改时间',
  `create_user` varchar(20) CHARACTER SET utf8 COLLATE utf8_general_ci NULL DEFAULT NULL COMMENT '记录创建者(用户)',
  `update_user` varchar(20) CHARACTER SET utf8 COLLATE utf8_general_ci NULL DEFAULT NULL COMMENT '记录最后修改者(用户)',
  `parameter1` varchar(255) CHARACTER SET utf8 COLLATE utf8_general_ci NULL DEFAULT NULL COMMENT '预留1',
  `parameter2` varchar(255) CHARACTER SET utf8 COLLATE utf8_general_ci NULL DEFAULT NULL COMMENT '预留2',
  `is_sync` tinyint(4) NULL DEFAULT NULL COMMENT '数据是否同步(0:是,1:否)',
  PRIMARY KEY (`id`) USING BTREE,
  INDEX `enterprise_id`(`enterprise_id`) USING BTREE,
  INDEX `parent_id`(`parent_id`) USING BTREE,
  CONSTRAINT `t_enterprise_department_ibfk_1` FOREIGN KEY (`enterprise_id`) REFERENCES `t_enterprise` (`id`) ON DELETE NO ACTION ON UPDATE CASCADE
) ENGINE = InnoDB CHARACTER SET = utf8 COLLATE = utf8_general_ci COMMENT = '企业部门表' ROW_FORMAT = Dynamic;

-- ----------------------------
-- Records of t_enterprise_department
-- ----------------------------
INSERT INTO `t_enterprise_department` VALUES ('HDWX05d31d573a374105', 'HDWX9997b6ed32af420a', '1', '3006', '采矿分公司协力工区', '2018-10-09 14:35:05', '2018-10-09 14:35:05', 'admin', 'admin', NULL, NULL, 0);
INSERT INTO `t_enterprise_department` VALUES ('HDWX0e5b6fe512414a1c', 'HDWX9997b6ed32af420a', '1', '3008', '采矿分公司支护队', '2018-10-09 14:36:23', '2018-10-09 14:36:23', 'admin', 'admin', NULL, NULL, 0);
INSERT INTO `t_enterprise_department` VALUES ('HDWX0fb216859fd548ae', 'HDWX9997b6ed32af420a', '1', '3007', '采矿分公司检修工区', '2018-10-09 14:35:49', '2018-10-09 14:35:50', 'admin', 'admin', NULL, NULL, 0);
INSERT INTO `t_enterprise_department` VALUES ('HDWX0fce002cc5f849bf', 'HDWX7b3407a0a538479d', '1', '4005', '采矿分公司运转工区班组', '2018-10-19 15:32:23', '2018-10-19 15:32:23', 'admin', 'admin', NULL, NULL, 0);
INSERT INTO `t_enterprise_department` VALUES ('HDWX2f5c5ef772f54f9a', 'HDWX47af07c64d324c19', '1', '4003', '采矿分公司井运工区班组', '2018-10-19 15:31:24', '2018-10-19 15:31:24', 'admin', 'admin', NULL, NULL, 0);
INSERT INTO `t_enterprise_department` VALUES ('HDWX34fd73fdc8264d11', 'HDWX0e5b6fe512414a1c', '1', '4008', '采矿分公司支护队班组', '2018-10-19 15:34:09', '2018-10-19 15:34:09', 'admin', 'admin', NULL, NULL, 0);
INSERT INTO `t_enterprise_department` VALUES ('HDWX3e09d8a174c54bb8', 'HDWX3fce6df608e04571', '1', '4002', '采矿分公司西采工区班组', '2018-10-19 15:30:45', '2018-10-19 15:30:45', 'admin', 'admin', NULL, NULL, 0);
INSERT INTO `t_enterprise_department` VALUES ('HDWX3fce6df608e04571', 'HDWX9997b6ed32af420a', '1', '3002', '采矿分公司西采工区', '2018-10-09 14:28:59', '2018-10-09 14:31:40', 'admin', 'admin', NULL, NULL, 0);
INSERT INTO `t_enterprise_department` VALUES ('HDWX42a69630f8d647dd', 'HDWX05d31d573a374105', '1', '4006', '采矿分公司协力工区班组', '2018-10-19 15:33:04', '2018-10-19 15:33:04', 'admin', 'admin', NULL, NULL, 0);
INSERT INTO `t_enterprise_department` VALUES ('HDWX47af07c64d324c19', 'HDWX9997b6ed32af420a', '1', '3003', '采矿分公司井运工区', '2018-10-09 14:30:02', '2018-10-09 14:32:45', 'admin', 'admin', NULL, NULL, 0);
INSERT INTO `t_enterprise_department` VALUES ('HDWX49d0b0ab995a40c3', 'HDWXdee3eb46abec43f9', '1', '4001', '采矿分公司东采工区班组', '2018-10-19 15:29:51', '2018-10-19 15:29:51', 'admin', 'admin', NULL, NULL, 0);
INSERT INTO `t_enterprise_department` VALUES ('HDWX4e8576953a1f460a', 'HDWXb88f0f90d9694de0', '1', '1001', '测试部门', '2018-12-18 14:55:53', NULL, 'admin', NULL, '', '', 0);
INSERT INTO `t_enterprise_department` VALUES ('HDWX673e46d94e2f495e', '0', '1', '1000', '总公司', '2018-09-18 11:10:23', '2018-12-18 14:26:59', 'admin', 'admin', NULL, NULL, 1);
INSERT INTO `t_enterprise_department` VALUES ('HDWX68a4d19600854580', 'HDWXebe994e258ff4145', '1', '4004', '采矿分公司提升工区班组', '2018-10-19 15:31:57', '2018-10-19 15:31:57', 'admin', 'admin', NULL, NULL, 0);
INSERT INTO `t_enterprise_department` VALUES ('HDWX7b3407a0a538479d', 'HDWX9997b6ed32af420a', '1', '3005', '采矿分公司运转工区', '2018-10-09 14:31:02', '2018-10-09 14:32:58', 'admin', 'admin', NULL, NULL, 0);
INSERT INTO `t_enterprise_department` VALUES ('HDWX95f6b6415d084faa', 'HDWXa53d95263a8349dc', '1', '2000', '采矿分公司', '2018-08-02 14:13:52', '2018-10-09 14:27:44', 'admin', 'admin', NULL, NULL, 0);
INSERT INTO `t_enterprise_department` VALUES ('HDWX9997b6ed32af420a', 'HDWX95f6b6415d084faa', '1', '2001', '采矿分公司办公室', '2018-10-09 14:25:26', '2018-10-09 14:28:01', 'admin', 'admin', NULL, NULL, 0);
INSERT INTO `t_enterprise_department` VALUES ('HDWXa53d95263a8349dc', 'HDWX673e46d94e2f495e', '1', '1001', '总公司办公室', '2018-09-17 14:47:18', '2018-10-09 14:20:03', 'admin', 'admin', NULL, NULL, 0);
INSERT INTO `t_enterprise_department` VALUES ('HDWXb88f0f90d9694de0', 'HDWXa53d95263a8349dc', '1', '2003', '选矿分公司', '2018-08-02 14:14:22', '2018-10-09 14:22:01', 'admin', 'admin', NULL, NULL, 0);
INSERT INTO `t_enterprise_department` VALUES ('HDWXd62572962fa74081', 'HDWX0fb216859fd548ae', '1', '4007', '采矿分公司检修工区班组', '2018-10-19 15:33:42', '2018-10-19 15:33:42', 'admin', 'admin', NULL, NULL, 0);
INSERT INTO `t_enterprise_department` VALUES ('HDWXdee3eb46abec43f9', 'HDWX9997b6ed32af420a', '1', '3001', '采矿分公司东采工区', '2018-10-09 14:26:34', '2018-10-09 14:32:03', 'admin', 'admin', NULL, NULL, 0);
INSERT INTO `t_enterprise_department` VALUES ('HDWXebe994e258ff4145', 'HDWX9997b6ed32af420a', '1', '3004', '采矿分公司提升工区', '2018-10-09 14:30:29', '2018-10-09 14:33:18', 'admin', 'admin', NULL, NULL, 0);

-- ----------------------------
-- Table structure for t_enterprise_job
-- ----------------------------
DROP TABLE IF EXISTS `t_enterprise_job`;
CREATE TABLE `t_enterprise_job`  (
  `id` varchar(32) CHARACTER SET utf8 COLLATE utf8_general_ci NOT NULL,
  `department_id` varchar(32) CHARACTER SET utf8 COLLATE utf8_general_ci NULL DEFAULT NULL COMMENT '企业部门表ID',
  `job_code` varchar(255) CHARACTER SET utf8 COLLATE utf8_general_ci NULL DEFAULT NULL COMMENT '职务代码',
  `job_name` varchar(255) CHARACTER SET utf8 COLLATE utf8_general_ci NULL DEFAULT NULL COMMENT '职务名称',
  `create_time` datetime(0) NULL DEFAULT NULL ON UPDATE CURRENT_TIMESTAMP(0) COMMENT '记录创建时间',
  `update_time` datetime(0) NULL DEFAULT NULL ON UPDATE CURRENT_TIMESTAMP(0) COMMENT '记录最后更新时间',
  `create_user` varchar(255) CHARACTER SET utf8 COLLATE utf8_general_ci NULL DEFAULT NULL COMMENT '记录创建用户',
  `update_user` varchar(255) CHARACTER SET utf8 COLLATE utf8_general_ci NULL DEFAULT NULL COMMENT '记录最后更新用户',
  `parameter1` varchar(255) CHARACTER SET utf8 COLLATE utf8_general_ci NULL DEFAULT NULL COMMENT '预留1',
  `parameter2` varchar(255) CHARACTER SET utf8 COLLATE utf8_general_ci NULL DEFAULT NULL COMMENT '预留2',
  `is_sync` tinyint(4) NULL DEFAULT NULL COMMENT '是否同步（0：是，1：否）',
  PRIMARY KEY (`id`) USING BTREE,
  INDEX `job_name`(`job_name`) USING BTREE,
  INDEX `job_code`(`job_code`) USING BTREE,
  INDEX `department_id`(`department_id`) USING BTREE,
  CONSTRAINT `t_enterprise_job_ibfk_1` FOREIGN KEY (`department_id`) REFERENCES `t_enterprise_department` (`id`) ON DELETE CASCADE ON UPDATE CASCADE
) ENGINE = InnoDB CHARACTER SET = utf8 COLLATE = utf8_general_ci COMMENT = '企业职务配置表' ROW_FORMAT = Dynamic;

-- ----------------------------
-- Records of t_enterprise_job
-- ----------------------------
INSERT INTO `t_enterprise_job` VALUES ('HDWX63c73550701448e6', 'HDWX4e8576953a1f460a', '10001', '测试工程师', '2018-12-18 17:39:36', NULL, 'admin', NULL, '', '', 0);

-- ----------------------------
-- Table structure for t_schedule_job
-- ----------------------------
DROP TABLE IF EXISTS `t_schedule_job`;
CREATE TABLE `t_schedule_job`  (
  `job_id` bigint(19) NOT NULL AUTO_INCREMENT COMMENT '任务id',
  `bean_name` varchar(200) CHARACTER SET utf8 COLLATE utf8_general_ci NULL DEFAULT NULL COMMENT 'spring bean名称',
  `method_name` varchar(100) CHARACTER SET utf8 COLLATE utf8_general_ci NULL DEFAULT NULL COMMENT '方法名',
  `params` varchar(2000) CHARACTER SET utf8 COLLATE utf8_general_ci NULL DEFAULT NULL COMMENT '参数',
  `cron_expression` varchar(100) CHARACTER SET utf8 COLLATE utf8_general_ci NULL DEFAULT NULL COMMENT 'cron表达式',
  `status` tinyint(4) NULL DEFAULT NULL COMMENT '任务状态  0：正常  1：暂停',
  `remark` varchar(255) CHARACTER SET utf8 COLLATE utf8_general_ci NULL DEFAULT NULL COMMENT '备注',
  `create_time` datetime(0) NULL DEFAULT NULL COMMENT '创建时间',
  PRIMARY KEY (`job_id`) USING BTREE
) ENGINE = InnoDB AUTO_INCREMENT = 1086176462716424194 CHARACTER SET = utf8 COLLATE = utf8_general_ci COMMENT = '定时任务' ROW_FORMAT = Dynamic;

-- ----------------------------
-- Records of t_schedule_job
-- ----------------------------
INSERT INTO `t_schedule_job` VALUES (1075657352257654785, 'testTask', 'test', '参数', '*/10 * * * * ?', 0, '有参数测试方法', '2018-12-20 15:41:12');
INSERT INTO `t_schedule_job` VALUES (1086176328410615809, 'testTask', 'test2', '', '*/10 * * * * ?', 0, '无参数测试方法', '2019-01-18 16:19:52');
INSERT INTO `t_schedule_job` VALUES (1086176462716424193, 'testTask', 'test3', '测试', '*/10 * * * * ?', 0, '有参数异步方法测试', '2019-01-18 16:20:24');

-- ----------------------------
-- Table structure for t_schedule_job_log
-- ----------------------------
DROP TABLE IF EXISTS `t_schedule_job_log`;
CREATE TABLE `t_schedule_job_log`  (
  `log_id` bigint(19) NOT NULL AUTO_INCREMENT COMMENT '任务日志id',
  `job_id` bigint(19) NOT NULL COMMENT '任务id',
  `bean_name` varchar(200) CHARACTER SET utf8 COLLATE utf8_general_ci NULL DEFAULT NULL COMMENT 'spring bean名称',
  `method_name` varchar(100) CHARACTER SET utf8 COLLATE utf8_general_ci NULL DEFAULT NULL COMMENT '方法名',
  `params` varchar(2000) CHARACTER SET utf8 COLLATE utf8_general_ci NULL DEFAULT NULL COMMENT '参数',
  `status` tinyint(4) NOT NULL COMMENT '任务状态    0：成功    1：失败',
  `error` varchar(2000) CHARACTER SET utf8 COLLATE utf8_general_ci NULL DEFAULT NULL COMMENT '失败信息',
  `times` int(11) NOT NULL COMMENT '耗时(单位：毫秒)',
  `create_time` datetime(0) NULL DEFAULT NULL COMMENT '创建时间',
  PRIMARY KEY (`log_id`) USING BTREE,
  INDEX `job_id`(`job_id`) USING BTREE
) ENGINE = InnoDB AUTO_INCREMENT = 1134002926320955394 CHARACTER SET = utf8 COLLATE = utf8_general_ci COMMENT = '定时任务日志' ROW_FORMAT = Dynamic;

-- ----------------------------
-- Records of t_schedule_job_log
-- ----------------------------
INSERT INTO `t_schedule_job_log` VALUES (1133972682092425218, 1086176328410615809, 'testTask', 'test2', '', 0, NULL, 1, '2019-05-30 13:45:30');
INSERT INTO `t_schedule_job_log` VALUES (1133972685972156417, 1075657352257654785, 'testTask', 'test', '参数', 0, NULL, 1002, '2019-05-30 13:45:30');
INSERT INTO `t_schedule_job_log` VALUES (1133972715843989505, 1086176462716424193, 'testTask', 'test3', '测试', 0, NULL, 8007, '2019-05-30 13:45:30');
INSERT INTO `t_schedule_job_log` VALUES (1133972724979183618, 1086176328410615809, 'testTask', 'test2', '', 0, NULL, 1, '2019-05-30 13:45:40');
INSERT INTO `t_schedule_job_log` VALUES (1133972728426901506, 1075657352257654785, 'testTask', 'test', '参数', 0, NULL, 1001, '2019-05-30 13:45:40');
INSERT INTO `t_schedule_job_log` VALUES (1133972754578386946, 1086176462716424193, 'testTask', 'test3', '测试', 0, NULL, 7005, '2019-05-30 13:45:41');
INSERT INTO `t_schedule_job_log` VALUES (1133972765559074818, 1086176328410615809, 'testTask', 'test2', '', 0, NULL, 0, '2019-05-30 13:45:50');
INSERT INTO `t_schedule_job_log` VALUES (1133972769371697153, 1075657352257654785, 'testTask', 'test', '参数', 0, NULL, 1000, '2019-05-30 13:45:50');
INSERT INTO `t_schedule_job_log` VALUES (1133972791073026050, 1086176462716424193, 'testTask', 'test3', '测试', 0, NULL, 6003, '2019-05-30 13:45:50');
INSERT INTO `t_schedule_job_log` VALUES (1133972807682469890, 1086176328410615809, 'testTask', 'test2', '', 0, NULL, 1, '2019-05-30 13:46:00');
INSERT INTO `t_schedule_job_log` VALUES (1133972811662864386, 1075657352257654785, 'testTask', 'test', '参数', 0, NULL, 1001, '2019-05-30 13:46:00');
INSERT INTO `t_schedule_job_log` VALUES (1133972829497044993, 1086176462716424193, 'testTask', 'test3', '测试', 0, NULL, 5004, '2019-05-30 13:46:00');
INSERT INTO `t_schedule_job_log` VALUES (1133972849755533314, 1086176328410615809, 'testTask', 'test2', '', 0, NULL, 1, '2019-05-30 13:46:10');
INSERT INTO `t_schedule_job_log` VALUES (1133972853429743618, 1075657352257654785, 'testTask', 'test', '参数', 0, NULL, 1000, '2019-05-30 13:46:10');
INSERT INTO `t_schedule_job_log` VALUES (1133972891514023937, 1086176328410615809, 'testTask', 'test2', '', 0, NULL, 1, '2019-05-30 13:46:20');
INSERT INTO `t_schedule_job_log` VALUES (1133972892101226498, 1086176462716424193, 'testTask', 'test3', '测试', 0, NULL, 10003, '2019-05-30 13:46:10');
INSERT INTO `t_schedule_job_log` VALUES (1133972895095959553, 1075657352257654785, 'testTask', 'test', '参数', 0, NULL, 1001, '2019-05-30 13:46:20');
INSERT INTO `t_schedule_job_log` VALUES (1133972909918629890, 1086176462716424193, 'testTask', 'test3', '测试', 0, NULL, 4002, '2019-05-30 13:46:21');
INSERT INTO `t_schedule_job_log` VALUES (1133972933348012033, 1086176328410615809, 'testTask', 'test2', '', 0, NULL, 1, '2019-05-30 13:46:30');
INSERT INTO `t_schedule_job_log` VALUES (1133972936959307777, 1075657352257654785, 'testTask', 'test', '参数', 0, NULL, 1002, '2019-05-30 13:46:30');
INSERT INTO `t_schedule_job_log` VALUES (1133972975131668481, 1086176328410615809, 'testTask', 'test2', '', 0, NULL, 0, '2019-05-30 13:46:40');
INSERT INTO `t_schedule_job_log` VALUES (1133972976826167298, 1086176462716424193, 'testTask', 'test3', '测试', 0, NULL, 10007, '2019-05-30 13:46:31');
INSERT INTO `t_schedule_job_log` VALUES (1133972979040759809, 1075657352257654785, 'testTask', 'test', '参数', 0, NULL, 1001, '2019-05-30 13:46:40');
INSERT INTO `t_schedule_job_log` VALUES (1133988704451076098, 1086176328410615809, 'testTask', 'test2', '', 0, NULL, 1, '2019-05-30 14:49:10');
INSERT INTO `t_schedule_job_log` VALUES (1133988707726827521, 1075657352257654785, 'testTask', 'test', '参数', 0, NULL, 1004, '2019-05-30 14:49:10');
INSERT INTO `t_schedule_job_log` VALUES (1133988734197080066, 1086176462716424193, 'testTask', 'test3', '测试', 0, NULL, 7007, '2019-05-30 14:49:10');
INSERT INTO `t_schedule_job_log` VALUES (1133988745655918594, 1086176328410615809, 'testTask', 'test2', '', 0, NULL, 1, '2019-05-30 14:49:20');
INSERT INTO `t_schedule_job_log` VALUES (1133988749573398529, 1075657352257654785, 'testTask', 'test', '参数', 0, NULL, 1001, '2019-05-30 14:49:20');
INSERT INTO `t_schedule_job_log` VALUES (1133988771530579970, 1086176462716424193, 'testTask', 'test3', '测试', 0, NULL, 6005, '2019-05-30 14:49:20');
INSERT INTO `t_schedule_job_log` VALUES (1133988787737370625, 1086176328410615809, 'testTask', 'test2', '', 0, NULL, 0, '2019-05-30 14:49:30');
INSERT INTO `t_schedule_job_log` VALUES (1133988791562575873, 1075657352257654785, 'testTask', 'test', '参数', 0, NULL, 1001, '2019-05-30 14:49:30');
INSERT INTO `t_schedule_job_log` VALUES (1133988801079451649, 1086176462716424193, 'testTask', 'test3', '测试', 0, NULL, 3003, '2019-05-30 14:49:30');
INSERT INTO `t_schedule_job_log` VALUES (1133993781450584066, 1086176328410615809, 'testTask', 'test2', '', 0, NULL, 2, '2019-05-30 15:09:21');
INSERT INTO `t_schedule_job_log` VALUES (1133993783568707586, 1075657352257654785, 'testTask', 'test', '参数', 0, NULL, 1004, '2019-05-30 15:09:20');
INSERT INTO `t_schedule_job_log` VALUES (1133993825117483009, 1086176462716424193, 'testTask', 'test3', '测试', 0, NULL, 10021, '2019-05-30 15:09:21');
INSERT INTO `t_schedule_job_log` VALUES (1133993826774233089, 1075657352257654785, 'testTask', 'test', '参数', 0, NULL, 1002, '2019-05-30 15:09:31');
INSERT INTO `t_schedule_job_log` VALUES (1133993829747994626, 1086176328410615809, 'testTask', 'test2', '', 0, NULL, 1, '2019-05-30 15:09:32');
INSERT INTO `t_schedule_job_log` VALUES (1133993863029796866, 1086176328410615809, 'testTask', 'test2', '', 0, NULL, 1, '2019-05-30 15:09:40');
INSERT INTO `t_schedule_job_log` VALUES (1133993866838224897, 1075657352257654785, 'testTask', 'test', '参数', 0, NULL, 1000, '2019-05-30 15:09:40');
INSERT INTO `t_schedule_job_log` VALUES (1133993870172696577, 1086176462716424193, 'testTask', 'test3', '测试', 0, NULL, 9007, '2019-05-30 15:09:33');
INSERT INTO `t_schedule_job_log` VALUES (1133993901160214529, 1086176462716424193, 'testTask', 'test3', '测试', 0, NULL, 9005, '2019-05-30 15:09:40');
INSERT INTO `t_schedule_job_log` VALUES (1133993905614565378, 1086176328410615809, 'testTask', 'test2', '', 0, NULL, 0, '2019-05-30 15:09:50');
INSERT INTO `t_schedule_job_log` VALUES (1133993909041311746, 1075657352257654785, 'testTask', 'test', '参数', 0, NULL, 1002, '2019-05-30 15:09:50');
INSERT INTO `t_schedule_job_log` VALUES (1133993927940845570, 1086176462716424193, 'testTask', 'test3', '测试', 0, NULL, 5009, '2019-05-30 15:09:51');
INSERT INTO `t_schedule_job_log` VALUES (1133993946978791426, 1086176328410615809, 'testTask', 'test2', '', 0, NULL, 0, '2019-05-30 15:10:00');
INSERT INTO `t_schedule_job_log` VALUES (1133993950514589697, 1075657352257654785, 'testTask', 'test', '参数', 0, NULL, 1002, '2019-05-30 15:10:00');
INSERT INTO `t_schedule_job_log` VALUES (1133993979581116417, 1086176462716424193, 'testTask', 'test3', '测试', 0, NULL, 7005, '2019-05-30 15:10:01');
INSERT INTO `t_schedule_job_log` VALUES (1133993996609990658, 1075657352257654785, 'testTask', 'test', '参数', 0, NULL, 1002, '2019-05-30 15:10:11');
INSERT INTO `t_schedule_job_log` VALUES (1133994029556248577, 1086176328410615809, 'testTask', 'test2', '', 0, NULL, 1, '2019-05-30 15:10:20');
INSERT INTO `t_schedule_job_log` VALUES (1133994092084932609, 1086176462716424193, 'testTask', 'test3', '测试', 0, NULL, 8003, '2019-05-30 15:10:27');
INSERT INTO `t_schedule_job_log` VALUES (1133994093452275713, 1075657352257654785, 'testTask', 'test', '参数', 0, NULL, 1001, '2019-05-30 15:10:34');
INSERT INTO `t_schedule_job_log` VALUES (1133994122787237890, 1075657352257654785, 'testTask', 'test', '参数', 0, NULL, 1001, '2019-05-30 15:10:41');
INSERT INTO `t_schedule_job_log` VALUES (1133994163455209474, 1075657352257654785, 'testTask', 'test', '参数', 0, NULL, 1001, '2019-05-30 15:10:51');
INSERT INTO `t_schedule_job_log` VALUES (1133994173735448578, 1075657352257654785, 'testTask', 'test', '参数', 0, NULL, 1001, '2019-05-30 15:10:53');
INSERT INTO `t_schedule_job_log` VALUES (1133994178693115905, 1086176328410615809, 'testTask', 'test2', '', 0, NULL, 1, '2019-05-30 15:10:55');
INSERT INTO `t_schedule_job_log` VALUES (1133994233244233729, 1075657352257654785, 'testTask', 'test', '参数', 0, NULL, 1002, '2019-05-30 15:11:07');
INSERT INTO `t_schedule_job_log` VALUES (1133994246926053378, 1086176328410615809, 'testTask', 'test2', '', 0, NULL, 1, '2019-05-30 15:11:12');
INSERT INTO `t_schedule_job_log` VALUES (1133994251980189697, 1086176328410615809, 'testTask', 'test2', '', 0, NULL, 1, '2019-05-30 15:11:13');
INSERT INTO `t_schedule_job_log` VALUES (1133994254643572737, 1086176462716424193, 'testTask', 'test3', '测试', 0, NULL, 10005, '2019-05-30 15:11:04');
INSERT INTO `t_schedule_job_log` VALUES (1133994255130112001, 1075657352257654785, 'testTask', 'test', '参数', 0, NULL, 1001, '2019-05-30 15:11:13');
INSERT INTO `t_schedule_job_log` VALUES (1133994279238971394, 1086176462716424193, 'testTask', 'test3', '测试', 0, NULL, 7006, '2019-05-30 15:11:12');
INSERT INTO `t_schedule_job_log` VALUES (1133994283949174786, 1086176328410615809, 'testTask', 'test2', '', 0, NULL, 1, '2019-05-30 15:11:21');
INSERT INTO `t_schedule_job_log` VALUES (1133994286461562881, 1075657352257654785, 'testTask', 'test', '参数', 0, NULL, 1001, '2019-05-30 15:11:20');
INSERT INTO `t_schedule_job_log` VALUES (1133994300466343937, 1086176462716424193, 'testTask', 'test3', '测试', 0, NULL, 11014, '2019-05-30 15:11:13');
INSERT INTO `t_schedule_job_log` VALUES (1133994324092858370, 1086176328410615809, 'testTask', 'test2', '', 0, NULL, 1, '2019-05-30 15:11:30');
INSERT INTO `t_schedule_job_log` VALUES (1133994327997755393, 1075657352257654785, 'testTask', 'test', '参数', 0, NULL, 1005, '2019-05-30 15:11:30');
INSERT INTO `t_schedule_job_log` VALUES (1133994333278384129, 1086176462716424193, 'testTask', 'test3', '测试', 0, NULL, 10008, '2019-05-30 15:11:22');
INSERT INTO `t_schedule_job_log` VALUES (1133994362797895681, 1086176462716424193, 'testTask', 'test3', '测试', 0, NULL, 9076, '2019-05-30 15:11:30');
INSERT INTO `t_schedule_job_log` VALUES (1133994368154021890, 1086176328410615809, 'testTask', 'test2', '', 0, NULL, 3, '2019-05-30 15:11:41');
INSERT INTO `t_schedule_job_log` VALUES (1133994371119394818, 1075657352257654785, 'testTask', 'test', '参数', 0, NULL, 1159, '2019-05-30 15:11:40');
INSERT INTO `t_schedule_job_log` VALUES (1133994408394174466, 1086176328410615809, 'testTask', 'test2', '', 0, NULL, 2, '2019-05-30 15:11:50');
INSERT INTO `t_schedule_job_log` VALUES (1133994412059996161, 1075657352257654785, 'testTask', 'test', '参数', 0, NULL, 1001, '2019-05-30 15:11:50');
INSERT INTO `t_schedule_job_log` VALUES (1133994415646126082, 1086176462716424193, 'testTask', 'test3', '测试', 0, NULL, 10152, '2019-05-30 15:11:42');
INSERT INTO `t_schedule_job_log` VALUES (1133994439079702530, 1086176462716424193, 'testTask', 'test3', '测试', 0, NULL, 7044, '2019-05-30 15:11:50');
INSERT INTO `t_schedule_job_log` VALUES (1133994450748256257, 1086176328410615809, 'testTask', 'test2', '', 0, NULL, 1, '2019-05-30 15:12:00');
INSERT INTO `t_schedule_job_log` VALUES (1133994454057562113, 1075657352257654785, 'testTask', 'test', '参数', 0, NULL, 1002, '2019-05-30 15:12:00');
INSERT INTO `t_schedule_job_log` VALUES (1133994480829804545, 1086176462716424193, 'testTask', 'test3', '测试', 0, NULL, 7015, '2019-05-30 15:12:00');
INSERT INTO `t_schedule_job_log` VALUES (1133994496961097730, 1075657352257654785, 'testTask', 'test', '参数', 0, NULL, 1001, '2019-05-30 15:12:10');
INSERT INTO `t_schedule_job_log` VALUES (1133994501524500481, 1086176328410615809, 'testTask', 'test2', '', 0, NULL, 0, '2019-05-30 15:12:12');
INSERT INTO `t_schedule_job_log` VALUES (1133994534441398274, 1086176328410615809, 'testTask', 'test2', '', 0, NULL, 1, '2019-05-30 15:12:20');
INSERT INTO `t_schedule_job_log` VALUES (1133994537759092737, 1075657352257654785, 'testTask', 'test', '参数', 0, NULL, 1000, '2019-05-30 15:12:20');
INSERT INTO `t_schedule_job_log` VALUES (1133994544956518402, 1086176462716424193, 'testTask', 'test3', '测试', 0, NULL, 10094, '2019-05-30 15:12:13');
INSERT INTO `t_schedule_job_log` VALUES (1133994575910481921, 1086176328410615809, 'testTask', 'test2', '', 0, NULL, 0, '2019-05-30 15:12:30');
INSERT INTO `t_schedule_job_log` VALUES (1133994577051332610, 1086176462716424193, 'testTask', 'test3', '测试', 0, NULL, 10006, '2019-05-30 15:12:20');
INSERT INTO `t_schedule_job_log` VALUES (1133994579765047297, 1075657352257654785, 'testTask', 'test', '参数', 0, NULL, 1001, '2019-05-30 15:12:30');
INSERT INTO `t_schedule_job_log` VALUES (1133994617798995970, 1086176328410615809, 'testTask', 'test2', '', 0, NULL, 1, '2019-05-30 15:12:40');
INSERT INTO `t_schedule_job_log` VALUES (1133994618465890306, 1086176462716424193, 'testTask', 'test3', '测试', 0, NULL, 10005, '2019-05-30 15:12:30');
INSERT INTO `t_schedule_job_log` VALUES (1133994621645172738, 1075657352257654785, 'testTask', 'test', '参数', 0, NULL, 1001, '2019-05-30 15:12:40');
INSERT INTO `t_schedule_job_log` VALUES (1133994643350695937, 1086176462716424193, 'testTask', 'test3', '测试', 0, NULL, 6003, '2019-05-30 15:12:40');
INSERT INTO `t_schedule_job_log` VALUES (1133994659742035970, 1086176328410615809, 'testTask', 'test2', '', 0, NULL, 0, '2019-05-30 15:12:50');
INSERT INTO `t_schedule_job_log` VALUES (1133994663567241217, 1075657352257654785, 'testTask', 'test', '参数', 0, NULL, 1001, '2019-05-30 15:12:50');
INSERT INTO `t_schedule_job_log` VALUES (1133994689471262721, 1086176462716424193, 'testTask', 'test3', '测试', 0, NULL, 7010, '2019-05-30 15:12:50');
INSERT INTO `t_schedule_job_log` VALUES (1133994701462777858, 1086176328410615809, 'testTask', 'test2', '', 0, NULL, 1, '2019-05-30 15:13:00');
INSERT INTO `t_schedule_job_log` VALUES (1133994705485115393, 1075657352257654785, 'testTask', 'test', '参数', 0, NULL, 1001, '2019-05-30 15:13:00');
INSERT INTO `t_schedule_job_log` VALUES (1133994719523450881, 1086176462716424193, 'testTask', 'test3', '测试', 0, NULL, 4040, '2019-05-30 15:13:00');
INSERT INTO `t_schedule_job_log` VALUES (1133994743846219778, 1086176328410615809, 'testTask', 'test2', '', 0, NULL, 0, '2019-05-30 15:13:10');
INSERT INTO `t_schedule_job_log` VALUES (1133994747524624386, 1075657352257654785, 'testTask', 'test', '参数', 0, NULL, 1001, '2019-05-30 15:13:10');
INSERT INTO `t_schedule_job_log` VALUES (1133994769666355202, 1086176462716424193, 'testTask', 'test3', '测试', 0, NULL, 6007, '2019-05-30 15:13:10');
INSERT INTO `t_schedule_job_log` VALUES (1133994785998974978, 1086176328410615809, 'testTask', 'test2', '', 0, NULL, 1, '2019-05-30 15:13:20');
INSERT INTO `t_schedule_job_log` VALUES (1133994789618659330, 1075657352257654785, 'testTask', 'test', '参数', 0, NULL, 1002, '2019-05-30 15:13:20');
INSERT INTO `t_schedule_job_log` VALUES (1133994824737566722, 1086176462716424193, 'testTask', 'test3', '测试', 0, NULL, 9007, '2019-05-30 15:13:20');
INSERT INTO `t_schedule_job_log` VALUES (1133994828034289665, 1086176328410615809, 'testTask', 'test2', '', 0, NULL, 66, '2019-05-30 15:13:30');
INSERT INTO `t_schedule_job_log` VALUES (1133994831297458177, 1075657352257654785, 'testTask', 'test', '参数', 0, NULL, 1001, '2019-05-30 15:13:30');
INSERT INTO `t_schedule_job_log` VALUES (1133994866227621889, 1086176462716424193, 'testTask', 'test3', '测试', 0, NULL, 9007, '2019-05-30 15:13:30');
INSERT INTO `t_schedule_job_log` VALUES (1133994871223037954, 1086176328410615809, 'testTask', 'test2', '', 0, NULL, 0, '2019-05-30 15:13:41');
INSERT INTO `t_schedule_job_log` VALUES (1133994874033221634, 1075657352257654785, 'testTask', 'test', '参数', 0, NULL, 1015, '2019-05-30 15:13:40');
INSERT INTO `t_schedule_job_log` VALUES (1133994911605796866, 1086176328410615809, 'testTask', 'test2', '', 0, NULL, 0, '2019-05-30 15:13:50');
INSERT INTO `t_schedule_job_log` VALUES (1133994914130767874, 1086176462716424193, 'testTask', 'test3', '测试', 0, NULL, 10006, '2019-05-30 15:13:41');
INSERT INTO `t_schedule_job_log` VALUES (1133994915204509698, 1075657352257654785, 'testTask', 'test', '参数', 0, NULL, 1001, '2019-05-30 15:13:50');
INSERT INTO `t_schedule_job_log` VALUES (1133994949857849346, 1086176462716424193, 'testTask', 'test3', '测试', 0, NULL, 9005, '2019-05-30 15:13:50');
INSERT INTO `t_schedule_job_log` VALUES (1133994954400280577, 1086176328410615809, 'testTask', 'test2', '', 0, NULL, 1, '2019-05-30 15:14:00');
INSERT INTO `t_schedule_job_log` VALUES (1133994957218852866, 1075657352257654785, 'testTask', 'test', '参数', 0, NULL, 1001, '2019-05-30 15:14:00');
INSERT INTO `t_schedule_job_log` VALUES (1133994995542208513, 1086176328410615809, 'testTask', 'test2', '', 0, NULL, 2, '2019-05-30 15:14:10');
INSERT INTO `t_schedule_job_log` VALUES (1133994999161892866, 1075657352257654785, 'testTask', 'test', '参数', 0, NULL, 1005, '2019-05-30 15:14:10');
INSERT INTO `t_schedule_job_log` VALUES (1133995001040941058, 1086176462716424193, 'testTask', 'test3', '测试', 0, NULL, 11007, '2019-05-30 15:14:01');
INSERT INTO `t_schedule_job_log` VALUES (1133995029704814593, 1086176462716424193, 'testTask', 'test3', '测试', 0, NULL, 8007, '2019-05-30 15:14:10');
INSERT INTO `t_schedule_job_log` VALUES (1133995038059868162, 1086176328410615809, 'testTask', 'test2', '', 0, NULL, 1, '2019-05-30 15:14:20');
INSERT INTO `t_schedule_job_log` VALUES (1133995041067184129, 1075657352257654785, 'testTask', 'test', '参数', 0, NULL, 1000, '2019-05-30 15:14:20');
INSERT INTO `t_schedule_job_log` VALUES (1133995079398928385, 1086176328410615809, 'testTask', 'test2', '', 0, NULL, 1, '2019-05-30 15:14:30');
INSERT INTO `t_schedule_job_log` VALUES (1133995080510418946, 1086176462716424193, 'testTask', 'test3', '测试', 0, NULL, 10004, '2019-05-30 15:14:20');
INSERT INTO `t_schedule_job_log` VALUES (1133995082922143746, 1075657352257654785, 'testTask', 'test', '参数', 0, NULL, 1001, '2019-05-30 15:14:30');
INSERT INTO `t_schedule_job_log` VALUES (1133995113800609793, 1086176462716424193, 'testTask', 'test3', '测试', 0, NULL, 8024, '2019-05-30 15:14:30');
INSERT INTO `t_schedule_job_log` VALUES (1133995121492963329, 1086176328410615809, 'testTask', 'test2', '', 0, NULL, 0, '2019-05-30 15:14:40');
INSERT INTO `t_schedule_job_log` VALUES (1133995124991012865, 1075657352257654785, 'testTask', 'test', '参数', 0, NULL, 1000, '2019-05-30 15:14:40');
INSERT INTO `t_schedule_job_log` VALUES (1133995159883427842, 1086176462716424193, 'testTask', 'test3', '测试', 0, NULL, 9005, '2019-05-30 15:14:40');
INSERT INTO `t_schedule_job_log` VALUES (1133995164216143874, 1086176328410615809, 'testTask', 'test2', '', 0, NULL, 0, '2019-05-30 15:14:50');
INSERT INTO `t_schedule_job_log` VALUES (1133995167072464898, 1075657352257654785, 'testTask', 'test', '参数', 0, NULL, 1002, '2019-05-30 15:14:50');
INSERT INTO `t_schedule_job_log` VALUES (1133995177327538177, 1086176462716424193, 'testTask', 'test3', '测试', 0, NULL, 3002, '2019-05-30 15:14:51');
INSERT INTO `t_schedule_job_log` VALUES (1133995205374849026, 1086176328410615809, 'testTask', 'test2', '', 0, NULL, 0, '2019-05-30 15:15:00');
INSERT INTO `t_schedule_job_log` VALUES (1133995208902258689, 1075657352257654785, 'testTask', 'test', '参数', 0, NULL, 1001, '2019-05-30 15:15:00');
INSERT INTO `t_schedule_job_log` VALUES (1133995248152555522, 1086176462716424193, 'testTask', 'test3', '测试', 0, NULL, 10006, '2019-05-30 15:15:00');
INSERT INTO `t_schedule_job_log` VALUES (1133995248848809986, 1086176328410615809, 'testTask', 'test2', '', 0, NULL, 1, '2019-05-30 15:15:11');
INSERT INTO `t_schedule_job_log` VALUES (1133995250945961986, 1075657352257654785, 'testTask', 'test', '参数', 0, NULL, 1000, '2019-05-30 15:15:10');
INSERT INTO `t_schedule_job_log` VALUES (1133995289013465089, 1086176328410615809, 'testTask', 'test2', '', 0, NULL, 1, '2019-05-30 15:15:20');
INSERT INTO `t_schedule_job_log` VALUES (1133995291458744322, 1086176462716424193, 'testTask', 'test3', '测试', 0, NULL, 10004, '2019-05-30 15:15:11');
INSERT INTO `t_schedule_job_log` VALUES (1133995292654120962, 1075657352257654785, 'testTask', 'test', '参数', 0, NULL, 1001, '2019-05-30 15:15:20');
INSERT INTO `t_schedule_job_log` VALUES (1133995327227768834, 1086176462716424193, 'testTask', 'test3', '测试', 0, NULL, 9003, '2019-05-30 15:15:20');
INSERT INTO `t_schedule_job_log` VALUES (1133995331052974082, 1086176328410615809, 'testTask', 'test2', '', 0, NULL, 1, '2019-05-30 15:15:30');
INSERT INTO `t_schedule_job_log` VALUES (1133995334546829313, 1075657352257654785, 'testTask', 'test', '参数', 0, NULL, 1002, '2019-05-30 15:15:30');
INSERT INTO `t_schedule_job_log` VALUES (1133995373516107778, 1086176462716424193, 'testTask', 'test3', '测试', 0, NULL, 10009, '2019-05-30 15:15:30');
INSERT INTO `t_schedule_job_log` VALUES (1133995374443048962, 1086176328410615809, 'testTask', 'test2', '', 0, NULL, 1, '2019-05-30 15:15:41');
INSERT INTO `t_schedule_job_log` VALUES (1133995377026740226, 1075657352257654785, 'testTask', 'test', '参数', 0, NULL, 1001, '2019-05-30 15:15:40');
INSERT INTO `t_schedule_job_log` VALUES (1133995408857313282, 1086176462716424193, 'testTask', 'test3', '测试', 0, NULL, 8006, '2019-05-30 15:15:41');
INSERT INTO `t_schedule_job_log` VALUES (1133995414737727489, 1086176328410615809, 'testTask', 'test2', '', 0, NULL, 0, '2019-05-30 15:15:50');
INSERT INTO `t_schedule_job_log` VALUES (1133995418504212482, 1075657352257654785, 'testTask', 'test', '参数', 0, NULL, 1002, '2019-05-30 15:15:50');
INSERT INTO `t_schedule_job_log` VALUES (1133995440503336961, 1086176462716424193, 'testTask', 'test3', '测试', 0, NULL, 6003, '2019-05-30 15:15:50');
INSERT INTO `t_schedule_job_log` VALUES (1133995458249437185, 1086176328410615809, 'testTask', 'test2', '', 0, NULL, 1, '2019-05-30 15:16:01');
INSERT INTO `t_schedule_job_log` VALUES (1133995460598247426, 1075657352257654785, 'testTask', 'test', '参数', 0, NULL, 1000, '2019-05-30 15:16:00');
INSERT INTO `t_schedule_job_log` VALUES (1133995498397315073, 1086176328410615809, 'testTask', 'test2', '', 0, NULL, 1, '2019-05-30 15:16:10');
INSERT INTO `t_schedule_job_log` VALUES (1133995501123612673, 1086176462716424193, 'testTask', 'test3', '测试', 0, NULL, 10013, '2019-05-30 15:16:01');
INSERT INTO `t_schedule_job_log` VALUES (1133995502419652610, 1075657352257654785, 'testTask', 'test', '参数', 0, NULL, 1002, '2019-05-30 15:16:10');
INSERT INTO `t_schedule_job_log` VALUES (1133995528365617154, 1086176462716424193, 'testTask', 'test3', '测试', 0, NULL, 7005, '2019-05-30 15:16:10');
INSERT INTO `t_schedule_job_log` VALUES (1133995541753835521, 1086176328410615809, 'testTask', 'test2', '', 0, NULL, 1, '2019-05-30 15:16:20');
INSERT INTO `t_schedule_job_log` VALUES (1133995544622739457, 1075657352257654785, 'testTask', 'test', '参数', 0, NULL, 1001, '2019-05-30 15:16:20');
INSERT INTO `t_schedule_job_log` VALUES (1133995579901030402, 1086176462716424193, 'testTask', 'test3', '测试', 0, NULL, 9003, '2019-05-30 15:16:21');
INSERT INTO `t_schedule_job_log` VALUES (1133995582551830530, 1086176328410615809, 'testTask', 'test2', '', 0, NULL, 0, '2019-05-30 15:16:30');
INSERT INTO `t_schedule_job_log` VALUES (1133995586196680706, 1075657352257654785, 'testTask', 'test', '参数', 0, NULL, 1002, '2019-05-30 15:16:30');
INSERT INTO `t_schedule_job_log` VALUES (1133995613363187714, 1086176462716424193, 'testTask', 'test3', '测试', 0, NULL, 7020, '2019-05-30 15:16:30');
INSERT INTO `t_schedule_job_log` VALUES (1133995624935272449, 1086176328410615809, 'testTask', 'test2', '', 0, NULL, 1, '2019-05-30 15:16:40');
INSERT INTO `t_schedule_job_log` VALUES (1133995628294909954, 1075657352257654785, 'testTask', 'test', '参数', 0, NULL, 1001, '2019-05-30 15:16:40');
INSERT INTO `t_schedule_job_log` VALUES (1133995663405428737, 1086176462716424193, 'testTask', 'test3', '测试', 0, NULL, 9003, '2019-05-30 15:16:40');
INSERT INTO `t_schedule_job_log` VALUES (1133995666370801666, 1086176328410615809, 'testTask', 'test2', '', 0, NULL, 1, '2019-05-30 15:16:50');
INSERT INTO `t_schedule_job_log` VALUES (1133995670112120833, 1075657352257654785, 'testTask', 'test', '参数', 0, NULL, 1001, '2019-05-30 15:16:50');
INSERT INTO `t_schedule_job_log` VALUES (1133995688822910977, 1086176462716424193, 'testTask', 'test3', '测试', 0, NULL, 5003, '2019-05-30 15:16:50');
INSERT INTO `t_schedule_job_log` VALUES (1133995708083154946, 1086176328410615809, 'testTask', 'test2', '', 0, NULL, 1, '2019-05-30 15:17:00');
INSERT INTO `t_schedule_job_log` VALUES (1133995712071938049, 1075657352257654785, 'testTask', 'test', '参数', 0, NULL, 1002, '2019-05-30 15:17:00');
INSERT INTO `t_schedule_job_log` VALUES (1133995746217766913, 1086176462716424193, 'testTask', 'test3', '测试', 0, NULL, 9006, '2019-05-30 15:17:00');
INSERT INTO `t_schedule_job_log` VALUES (1133995750357544962, 1086176328410615809, 'testTask', 'test2', '', 0, NULL, 1, '2019-05-30 15:17:10');
INSERT INTO `t_schedule_job_log` VALUES (1133995754132418562, 1075657352257654785, 'testTask', 'test', '参数', 0, NULL, 1001, '2019-05-30 15:17:10');
INSERT INTO `t_schedule_job_log` VALUES (1133995785153490945, 1086176462716424193, 'testTask', 'test3', '测试', 0, NULL, 8006, '2019-05-30 15:17:10');
INSERT INTO `t_schedule_job_log` VALUES (1133995793382715394, 1086176328410615809, 'testTask', 'test2', '', 0, NULL, 1, '2019-05-30 15:17:20');
INSERT INTO `t_schedule_job_log` VALUES (1133995796142567425, 1075657352257654785, 'testTask', 'test', '参数', 0, NULL, 1003, '2019-05-30 15:17:20');
INSERT INTO `t_schedule_job_log` VALUES (1133995832108724225, 1086176462716424193, 'testTask', 'test3', '测试', 0, NULL, 9006, '2019-05-30 15:17:21');
INSERT INTO `t_schedule_job_log` VALUES (1133995834063269890, 1086176328410615809, 'testTask', 'test2', '', 0, NULL, 1, '2019-05-30 15:17:30');
INSERT INTO `t_schedule_job_log` VALUES (1133995838018498562, 1075657352257654785, 'testTask', 'test', '参数', 0, NULL, 1001, '2019-05-30 15:17:30');
INSERT INTO `t_schedule_job_log` VALUES (1133995876970999810, 1086176328410615809, 'testTask', 'test2', '', 0, NULL, 0, '2019-05-30 15:17:40');
INSERT INTO `t_schedule_job_log` VALUES (1133995877319127041, 1086176462716424193, 'testTask', 'test3', '测试', 0, NULL, 10005, '2019-05-30 15:17:30');
INSERT INTO `t_schedule_job_log` VALUES (1133995879915401217, 1075657352257654785, 'testTask', 'test', '参数', 0, NULL, 1002, '2019-05-30 15:17:40');
INSERT INTO `t_schedule_job_log` VALUES (1133995894394138625, 1086176462716424193, 'testTask', 'test3', '测试', 0, NULL, 4003, '2019-05-30 15:17:41');
INSERT INTO `t_schedule_job_log` VALUES (1133995917987098625, 1086176328410615809, 'testTask', 'test2', '', 0, NULL, 0, '2019-05-30 15:17:50');
INSERT INTO `t_schedule_job_log` VALUES (1133995921766166529, 1075657352257654785, 'testTask', 'test', '参数', 0, NULL, 1002, '2019-05-30 15:17:50');
INSERT INTO `t_schedule_job_log` VALUES (1133995935192133634, 1086176462716424193, 'testTask', 'test3', '测试', 0, NULL, 4002, '2019-05-30 15:17:50');
INSERT INTO `t_schedule_job_log` VALUES (1133995959770755073, 1086176328410615809, 'testTask', 'test2', '', 0, NULL, 1, '2019-05-30 15:18:00');
INSERT INTO `t_schedule_job_log` VALUES (1133995963759538178, 1075657352257654785, 'testTask', 'test', '参数', 0, NULL, 1002, '2019-05-30 15:18:00');
INSERT INTO `t_schedule_job_log` VALUES (1133995972810846210, 1086176462716424193, 'testTask', 'test3', '测试', 0, NULL, 3002, '2019-05-30 15:18:00');
INSERT INTO `t_schedule_job_log` VALUES (1133996002326163458, 1086176328410615809, 'testTask', 'test2', '', 0, NULL, 0, '2019-05-30 15:18:10');
INSERT INTO `t_schedule_job_log` VALUES (1133996005861961729, 1075657352257654785, 'testTask', 'test', '参数', 0, NULL, 1002, '2019-05-30 15:18:10');
INSERT INTO `t_schedule_job_log` VALUES (1133996045082898434, 1086176328410615809, 'testTask', 'test2', '', 0, NULL, 0, '2019-05-30 15:18:20');
INSERT INTO `t_schedule_job_log` VALUES (1133996045263253505, 1086176462716424193, 'testTask', 'test3', '测试', 0, NULL, 10006, '2019-05-30 15:18:10');
INSERT INTO `t_schedule_job_log` VALUES (1133996047641423874, 1075657352257654785, 'testTask', 'test', '参数', 0, NULL, 1002, '2019-05-30 15:18:20');
INSERT INTO `t_schedule_job_log` VALUES (1133996079467802625, 1086176462716424193, 'testTask', 'test3', '测试', 0, NULL, 8004, '2019-05-30 15:18:21');
INSERT INTO `t_schedule_job_log` VALUES (1133996085545349122, 1086176328410615809, 'testTask', 'test2', '', 0, NULL, 1, '2019-05-30 15:18:30');
INSERT INTO `t_schedule_job_log` VALUES (1133996089521549314, 1075657352257654785, 'testTask', 'test', '参数', 0, NULL, 1001, '2019-05-30 15:18:30');
INSERT INTO `t_schedule_job_log` VALUES (1133996123667378178, 1086176462716424193, 'testTask', 'test3', '测试', 0, NULL, 9006, '2019-05-30 15:18:30');
INSERT INTO `t_schedule_job_log` VALUES (1133996129489072130, 1086176328410615809, 'testTask', 'test2', '', 0, NULL, 1, '2019-05-30 15:18:41');
INSERT INTO `t_schedule_job_log` VALUES (1133996131942739970, 1075657352257654785, 'testTask', 'test', '参数', 0, NULL, 1001, '2019-05-30 15:18:40');
INSERT INTO `t_schedule_job_log` VALUES (1133996167896313858, 1086176462716424193, 'testTask', 'test3', '测试', 0, NULL, 9008, '2019-05-30 15:18:41');
INSERT INTO `t_schedule_job_log` VALUES (1133996169716641793, 1086176328410615809, 'testTask', 'test2', '', 0, NULL, 0, '2019-05-30 15:18:50');
INSERT INTO `t_schedule_job_log` VALUES (1133996173478932482, 1075657352257654785, 'testTask', 'test', '参数', 0, NULL, 1000, '2019-05-30 15:18:50');
INSERT INTO `t_schedule_job_log` VALUES (1133996199370371073, 1086176462716424193, 'testTask', 'test3', '测试', 0, NULL, 7006, '2019-05-30 15:18:50');
INSERT INTO `t_schedule_job_log` VALUES (1133996212024586241, 1086176328410615809, 'testTask', 'test2', '', 0, NULL, 1, '2019-05-30 15:19:00');
INSERT INTO `t_schedule_job_log` VALUES (1133996215656853505, 1075657352257654785, 'testTask', 'test', '参数', 0, NULL, 1001, '2019-05-30 15:19:00');
INSERT INTO `t_schedule_job_log` VALUES (1133996246707286018, 1086176462716424193, 'testTask', 'test3', '测试', 0, NULL, 8003, '2019-05-30 15:19:01');
INSERT INTO `t_schedule_job_log` VALUES (1133996253560778754, 1086176328410615809, 'testTask', 'test2', '', 0, NULL, 1, '2019-05-30 15:19:10');
INSERT INTO `t_schedule_job_log` VALUES (1133996257503424513, 1075657352257654785, 'testTask', 'test', '参数', 0, NULL, 1000, '2019-05-30 15:19:10');
INSERT INTO `t_schedule_job_log` VALUES (1133996291837997057, 1086176462716424193, 'testTask', 'test3', '测试', 0, NULL, 9006, '2019-05-30 15:19:10');
INSERT INTO `t_schedule_job_log` VALUES (1133996295470264322, 1086176328410615809, 'testTask', 'test2', '', 0, NULL, 0, '2019-05-30 15:19:20');
INSERT INTO `t_schedule_job_log` VALUES (1133996299412910082, 1075657352257654785, 'testTask', 'test', '参数', 0, NULL, 1001, '2019-05-30 15:19:20');
INSERT INTO `t_schedule_job_log` VALUES (1133996321013575682, 1086176462716424193, 'testTask', 'test3', '测试', 0, NULL, 6003, '2019-05-30 15:19:20');
INSERT INTO `t_schedule_job_log` VALUES (1133996337757237249, 1086176328410615809, 'testTask', 'test2', '', 0, NULL, 0, '2019-05-30 15:19:30');
INSERT INTO `t_schedule_job_log` VALUES (1133996341242703873, 1075657352257654785, 'testTask', 'test', '参数', 0, NULL, 1001, '2019-05-30 15:19:30');
INSERT INTO `t_schedule_job_log` VALUES (1133996355570446337, 1086176462716424193, 'testTask', 'test3', '测试', 0, NULL, 4002, '2019-05-30 15:19:30');
INSERT INTO `t_schedule_job_log` VALUES (1133996379213737985, 1086176328410615809, 'testTask', 'test2', '', 0, NULL, 1, '2019-05-30 15:19:40');
INSERT INTO `t_schedule_job_log` VALUES (1133996383194132482, 1075657352257654785, 'testTask', 'test', '参数', 0, NULL, 1001, '2019-05-30 15:19:40');
INSERT INTO `t_schedule_job_log` VALUES (1133996404757049345, 1086176462716424193, 'testTask', 'test3', '测试', 0, NULL, 6003, '2019-05-30 15:19:40');
INSERT INTO `t_schedule_job_log` VALUES (1133996421865615362, 1086176328410615809, 'testTask', 'test2', '', 0, NULL, 0, '2019-05-30 15:19:50');
INSERT INTO `t_schedule_job_log` VALUES (1133996425216864258, 1075657352257654785, 'testTask', 'test', '参数', 0, NULL, 1002, '2019-05-30 15:19:50');
INSERT INTO `t_schedule_job_log` VALUES (1133996463124983810, 1086176328410615809, 'testTask', 'test2', '', 0, NULL, 0, '2019-05-30 15:20:00');
INSERT INTO `t_schedule_job_log` VALUES (1133996464953700354, 1086176462716424193, 'testTask', 'test3', '测试', 0, NULL, 10007, '2019-05-30 15:19:51');
INSERT INTO `t_schedule_job_log` VALUES (1133996467076018178, 1075657352257654785, 'testTask', 'test', '参数', 0, NULL, 1001, '2019-05-30 15:20:00');
INSERT INTO `t_schedule_job_log` VALUES (1133996493294612481, 1086176462716424193, 'testTask', 'test3', '测试', 0, NULL, 7004, '2019-05-30 15:20:00');
INSERT INTO `t_schedule_job_log` VALUES (1133996506263400449, 1086176328410615809, 'testTask', 'test2', '', 0, NULL, 1, '2019-05-30 15:20:10');
INSERT INTO `t_schedule_job_log` VALUES (1133996509262327810, 1075657352257654785, 'testTask', 'test', '参数', 0, NULL, 1002, '2019-05-30 15:20:10');
INSERT INTO `t_schedule_job_log` VALUES (1133996532129673218, 1086176462716424193, 'testTask', 'test3', '测试', 0, NULL, 6005, '2019-05-30 15:20:11');
INSERT INTO `t_schedule_job_log` VALUES (1133996547501797377, 1086176328410615809, 'testTask', 'test2', '', 0, NULL, 2, '2019-05-30 15:20:20');
INSERT INTO `t_schedule_job_log` VALUES (1133996551356362753, 1075657352257654785, 'testTask', 'test', '参数', 0, NULL, 1014, '2019-05-30 15:20:20');
INSERT INTO `t_schedule_job_log` VALUES (1133996590396944386, 1086176462716424193, 'testTask', 'test3', '测试', 0, NULL, 10005, '2019-05-30 15:20:20');
INSERT INTO `t_schedule_job_log` VALUES (1133996592330518530, 1086176328410615809, 'testTask', 'test2', '', 0, NULL, 0, '2019-05-30 15:20:31');
INSERT INTO `t_schedule_job_log` VALUES (1133996592993218561, 1075657352257654785, 'testTask', 'test', '参数', 0, NULL, 1001, '2019-05-30 15:20:30');
INSERT INTO `t_schedule_job_log` VALUES (1133996606226247682, 1086176462716424193, 'testTask', 'test3', '测试', 0, NULL, 3014, '2019-05-30 15:20:31');
INSERT INTO `t_schedule_job_log` VALUES (1133996631064915970, 1086176328410615809, 'testTask', 'test2', '', 0, NULL, 1, '2019-05-30 15:20:40');
INSERT INTO `t_schedule_job_log` VALUES (1133996634911092738, 1075657352257654785, 'testTask', 'test', '参数', 0, NULL, 1001, '2019-05-30 15:20:40');
INSERT INTO `t_schedule_job_log` VALUES (1133996669165973506, 1086176462716424193, 'testTask', 'test3', '测试', 0, NULL, 9008, '2019-05-30 15:20:40');
INSERT INTO `t_schedule_job_log` VALUES (1133996672919875586, 1086176328410615809, 'testTask', 'test2', '', 0, NULL, 1, '2019-05-30 15:20:50');
INSERT INTO `t_schedule_job_log` VALUES (1133996676724109313, 1075657352257654785, 'testTask', 'test', '参数', 0, NULL, 1000, '2019-05-30 15:20:50');
INSERT INTO `t_schedule_job_log` VALUES (1133996690091356162, 1086176462716424193, 'testTask', 'test3', '测试', 0, NULL, 4003, '2019-05-30 15:20:50');
INSERT INTO `t_schedule_job_log` VALUES (1133996715089408001, 1086176328410615809, 'testTask', 'test2', '', 0, NULL, 1, '2019-05-30 15:21:00');
INSERT INTO `t_schedule_job_log` VALUES (1133996718725869569, 1075657352257654785, 'testTask', 'test', '参数', 0, NULL, 1001, '2019-05-30 15:21:00');
INSERT INTO `t_schedule_job_log` VALUES (1133996753282740225, 1086176462716424193, 'testTask', 'test3', '测试', 0, NULL, 9007, '2019-05-30 15:21:00');
INSERT INTO `t_schedule_job_log` VALUES (1133996756835315714, 1086176328410615809, 'testTask', 'test2', '', 0, NULL, 1, '2019-05-30 15:21:10');
INSERT INTO `t_schedule_job_log` VALUES (1133996760723435521, 1075657352257654785, 'testTask', 'test', '参数', 0, NULL, 1002, '2019-05-30 15:21:10');
INSERT INTO `t_schedule_job_log` VALUES (1133996798757384193, 1086176328410615809, 'testTask', 'test2', '', 0, NULL, 0, '2019-05-30 15:21:20');
INSERT INTO `t_schedule_job_log` VALUES (1133996799646576641, 1086176462716424193, 'testTask', 'test3', '测试', 0, NULL, 10007, '2019-05-30 15:21:10');
INSERT INTO `t_schedule_job_log` VALUES (1133996802603560961, 1075657352257654785, 'testTask', 'test', '参数', 0, NULL, 1001, '2019-05-30 15:21:20');
INSERT INTO `t_schedule_job_log` VALUES (1133996841216323585, 1086176328410615809, 'testTask', 'test2', '', 0, NULL, 1, '2019-05-30 15:21:30');
INSERT INTO `t_schedule_job_log` VALUES (1133996841354735618, 1086176462716424193, 'testTask', 'test3', '测试', 0, NULL, 10006, '2019-05-30 15:21:20');
INSERT INTO `t_schedule_job_log` VALUES (1133996844529823746, 1075657352257654785, 'testTask', 'test', '参数', 0, NULL, 1000, '2019-05-30 15:21:30');
INSERT INTO `t_schedule_job_log` VALUES (1133996879527096322, 1086176462716424193, 'testTask', 'test3', '测试', 0, NULL, 9005, '2019-05-30 15:21:30');
INSERT INTO `t_schedule_job_log` VALUES (1133996882710573057, 1086176328410615809, 'testTask', 'test2', '', 0, NULL, 1, '2019-05-30 15:21:40');
INSERT INTO `t_schedule_job_log` VALUES (1133996886665801729, 1075657352257654785, 'testTask', 'test', '参数', 0, NULL, 1001, '2019-05-30 15:21:40');
INSERT INTO `t_schedule_job_log` VALUES (1133996904290267138, 1086176462716424193, 'testTask', 'test3', '测试', 0, NULL, 5003, '2019-05-30 15:21:40');
INSERT INTO `t_schedule_job_log` VALUES (1133996925232427010, 1086176328410615809, 'testTask', 'test2', '', 0, NULL, 0, '2019-05-30 15:21:50');
INSERT INTO `t_schedule_job_log` VALUES (1133996928592064514, 1075657352257654785, 'testTask', 'test', '参数', 0, NULL, 1002, '2019-05-30 15:21:50');
INSERT INTO `t_schedule_job_log` VALUES (1133996963941658626, 1086176462716424193, 'testTask', 'test3', '测试', 0, NULL, 9003, '2019-05-30 15:21:51');
INSERT INTO `t_schedule_job_log` VALUES (1133996966491795457, 1086176328410615809, 'testTask', 'test2', '', 0, NULL, 1, '2019-05-30 15:22:00');
INSERT INTO `t_schedule_job_log` VALUES (1133996970476384257, 1075657352257654785, 'testTask', 'test', '参数', 0, NULL, 1001, '2019-05-30 15:22:00');
INSERT INTO `t_schedule_job_log` VALUES (1133997009089146882, 1086176462716424193, 'testTask', 'test3', '测试', 0, NULL, 10007, '2019-05-30 15:22:00');
INSERT INTO `t_schedule_job_log` VALUES (1133997009470828546, 1086176328410615809, 'testTask', 'test2', '', 0, NULL, 1, '2019-05-30 15:22:10');
INSERT INTO `t_schedule_job_log` VALUES (1133997012473950209, 1075657352257654785, 'testTask', 'test', '参数', 0, NULL, 1001, '2019-05-30 15:22:10');
INSERT INTO `t_schedule_job_log` VALUES (1133997050449178626, 1086176328410615809, 'testTask', 'test2', '', 0, NULL, 0, '2019-05-30 15:22:20');
INSERT INTO `t_schedule_job_log` VALUES (1133997052441473026, 1086176462716424193, 'testTask', 'test3', '测试', 0, NULL, 10004, '2019-05-30 15:22:11');
INSERT INTO `t_schedule_job_log` VALUES (1133997054295355394, 1075657352257654785, 'testTask', 'test', '参数', 0, NULL, 1002, '2019-05-30 15:22:20');
INSERT INTO `t_schedule_job_log` VALUES (1133997092941672449, 1086176462716424193, 'testTask', 'test3', '测试', 0, NULL, 10006, '2019-05-30 15:22:20');
INSERT INTO `t_schedule_job_log` VALUES (1133997093126221826, 1086176328410615809, 'testTask', 'test2', '', 0, NULL, 9, '2019-05-30 15:22:30');
INSERT INTO `t_schedule_job_log` VALUES (1133997096217423873, 1075657352257654785, 'testTask', 'test', '参数', 0, NULL, 1001, '2019-05-30 15:22:30');
INSERT INTO `t_schedule_job_log` VALUES (1133997127687286785, 1086176462716424193, 'testTask', 'test3', '测试', 0, NULL, 8002, '2019-05-30 15:22:31');
INSERT INTO `t_schedule_job_log` VALUES (1133997134498836481, 1086176328410615809, 'testTask', 'test2', '', 0, NULL, 1, '2019-05-30 15:22:40');
INSERT INTO `t_schedule_job_log` VALUES (1133997138214989825, 1075657352257654785, 'testTask', 'test', '参数', 0, NULL, 1002, '2019-05-30 15:22:40');
INSERT INTO `t_schedule_job_log` VALUES (1133997147736059906, 1086176462716424193, 'testTask', 'test3', '测试', 0, NULL, 3004, '2019-05-30 15:22:40');
INSERT INTO `t_schedule_job_log` VALUES (1133997178186706945, 1086176328410615809, 'testTask', 'test2', '', 0, NULL, 3, '2019-05-30 15:22:51');
INSERT INTO `t_schedule_job_log` VALUES (1133997180174807042, 1075657352257654785, 'testTask', 'test', '参数', 0, NULL, 1002, '2019-05-30 15:22:50');
INSERT INTO `t_schedule_job_log` VALUES (1133997191377793025, 1086176462716424193, 'testTask', 'test3', '测试', 0, NULL, 3002, '2019-05-30 15:22:51');
INSERT INTO `t_schedule_job_log` VALUES (1133997218120675329, 1086176328410615809, 'testTask', 'test2', '', 0, NULL, 0, '2019-05-30 15:23:00');
INSERT INTO `t_schedule_job_log` VALUES (1133997222063321090, 1075657352257654785, 'testTask', 'test', '参数', 0, NULL, 1000, '2019-05-30 15:23:00');
INSERT INTO `t_schedule_job_log` VALUES (1133997244045668354, 1086176462716424193, 'testTask', 'test3', '测试', 0, NULL, 6006, '2019-05-30 15:23:00');
INSERT INTO `t_schedule_job_log` VALUES (1133997260462174209, 1086176328410615809, 'testTask', 'test2', '', 0, NULL, 0, '2019-05-30 15:23:10');
INSERT INTO `t_schedule_job_log` VALUES (1133997263985389570, 1075657352257654785, 'testTask', 'test', '参数', 0, NULL, 1002, '2019-05-30 15:23:10');
INSERT INTO `t_schedule_job_log` VALUES (1133997290480807938, 1086176462716424193, 'testTask', 'test3', '测试', 0, NULL, 7004, '2019-05-30 15:23:10');
INSERT INTO `t_schedule_job_log` VALUES (1133997302136778754, 1086176328410615809, 'testTask', 'test2', '', 0, NULL, 1, '2019-05-30 15:23:20');
INSERT INTO `t_schedule_job_log` VALUES (1133997305915846657, 1075657352257654785, 'testTask', 'test', '参数', 0, NULL, 1001, '2019-05-30 15:23:20');
INSERT INTO `t_schedule_job_log` VALUES (1133997327516512257, 1086176462716424193, 'testTask', 'test3', '测试', 0, NULL, 6004, '2019-05-30 15:23:20');
INSERT INTO `t_schedule_job_log` VALUES (1133997344717352961, 1086176328410615809, 'testTask', 'test2', '', 0, NULL, 0, '2019-05-30 15:23:30');
INSERT INTO `t_schedule_job_log` VALUES (1133997347896635393, 1075657352257654785, 'testTask', 'test', '参数', 0, NULL, 1001, '2019-05-30 15:23:30');
INSERT INTO `t_schedule_job_log` VALUES (1133997383388835842, 1086176462716424193, 'testTask', 'test3', '测试', 0, NULL, 9003, '2019-05-30 15:23:31');
INSERT INTO `t_schedule_job_log` VALUES (1133997385850892289, 1086176328410615809, 'testTask', 'test2', '', 0, NULL, 0, '2019-05-30 15:23:40');
INSERT INTO `t_schedule_job_log` VALUES (1133997389835481090, 1075657352257654785, 'testTask', 'test', '参数', 0, NULL, 1002, '2019-05-30 15:23:40');
INSERT INTO `t_schedule_job_log` VALUES (1133997407334117377, 1086176462716424193, 'testTask', 'test3', '测试', 0, NULL, 5002, '2019-05-30 15:23:40');
INSERT INTO `t_schedule_job_log` VALUES (1133997428196585474, 1086176328410615809, 'testTask', 'test2', '', 0, NULL, 1, '2019-05-30 15:23:50');
INSERT INTO `t_schedule_job_log` VALUES (1133997431795298305, 1075657352257654785, 'testTask', 'test', '参数', 0, NULL, 1000, '2019-05-30 15:23:50');
INSERT INTO `t_schedule_job_log` VALUES (1133997457971949569, 1086176462716424193, 'testTask', 'test3', '测试', 0, NULL, 7004, '2019-05-30 15:23:50');
INSERT INTO `t_schedule_job_log` VALUES (1133997469770526722, 1086176328410615809, 'testTask', 'test2', '', 0, NULL, 1, '2019-05-30 15:24:00');
INSERT INTO `t_schedule_job_log` VALUES (1133997473717366786, 1075657352257654785, 'testTask', 'test', '参数', 0, NULL, 1001, '2019-05-30 15:24:00');
INSERT INTO `t_schedule_job_log` VALUES (1133997512527261698, 1086176328410615809, 'testTask', 'test2', '', 0, NULL, 0, '2019-05-30 15:24:10');
INSERT INTO `t_schedule_job_log` VALUES (1133997512938303490, 1086176462716424193, 'testTask', 'test3', '测试', 0, NULL, 10005, '2019-05-30 15:24:00');
INSERT INTO `t_schedule_job_log` VALUES (1133997516096614401, 1075657352257654785, 'testTask', 'test', '参数', 0, NULL, 1000, '2019-05-30 15:24:10');
INSERT INTO `t_schedule_job_log` VALUES (1133997538993319938, 1086176462716424193, 'testTask', 'test3', '测试', 0, NULL, 6005, '2019-05-30 15:24:11');
INSERT INTO `t_schedule_job_log` VALUES (1133997553975373826, 1086176328410615809, 'testTask', 'test2', '', 0, NULL, 0, '2019-05-30 15:24:20');
INSERT INTO `t_schedule_job_log` VALUES (1133997557892853761, 1075657352257654785, 'testTask', 'test', '参数', 0, NULL, 1001, '2019-05-30 15:24:20');
INSERT INTO `t_schedule_job_log` VALUES (1133997579619348482, 1086176462716424193, 'testTask', 'test3', '测试', 0, NULL, 6004, '2019-05-30 15:24:20');
INSERT INTO `t_schedule_job_log` VALUES (1133997595821944834, 1086176328410615809, 'testTask', 'test2', '', 0, NULL, 1, '2019-05-30 15:24:30');
INSERT INTO `t_schedule_job_log` VALUES (1133997599722647554, 1075657352257654785, 'testTask', 'test', '参数', 0, NULL, 1001, '2019-05-30 15:24:30');
INSERT INTO `t_schedule_job_log` VALUES (1133997637798539265, 1086176328410615809, 'testTask', 'test2', '', 0, NULL, 3, '2019-05-30 15:24:40');
INSERT INTO `t_schedule_job_log` VALUES (1133997638696120321, 1086176462716424193, 'testTask', 'test3', '测试', 0, NULL, 10007, '2019-05-30 15:24:30');
INSERT INTO `t_schedule_job_log` VALUES (1133997641497915394, 1075657352257654785, 'testTask', 'test', '参数', 0, NULL, 1000, '2019-05-30 15:24:40');
INSERT INTO `t_schedule_job_log` VALUES (1133997676113506305, 1086176462716424193, 'testTask', 'test3', '测试', 0, NULL, 9010, '2019-05-30 15:24:40');
INSERT INTO `t_schedule_job_log` VALUES (1133997679896768514, 1086176328410615809, 'testTask', 'test2', '', 0, NULL, 1, '2019-05-30 15:24:50');
INSERT INTO `t_schedule_job_log` VALUES (1133997683424178177, 1075657352257654785, 'testTask', 'test', '参数', 0, NULL, 1000, '2019-05-30 15:24:50');
INSERT INTO `t_schedule_job_log` VALUES (1133997721428766721, 1086176328410615809, 'testTask', 'test2', '', 0, NULL, 0, '2019-05-30 15:25:00');
INSERT INTO `t_schedule_job_log` VALUES (1133997722481537025, 1086176462716424193, 'testTask', 'test3', '测试', 0, NULL, 10007, '2019-05-30 15:24:50');
INSERT INTO `t_schedule_job_log` VALUES (1133997725417549825, 1075657352257654785, 'testTask', 'test', '参数', 0, NULL, 1000, '2019-05-30 15:25:00');
INSERT INTO `t_schedule_job_log` VALUES (1133997763803820033, 1086176462716424193, 'testTask', 'test3', '测试', 0, NULL, 10015, '2019-05-30 15:25:00');
INSERT INTO `t_schedule_job_log` VALUES (1133997764156141569, 1086176328410615809, 'testTask', 'test2', '', 0, NULL, 1, '2019-05-30 15:25:10');
INSERT INTO `t_schedule_job_log` VALUES (1133997767549333506, 1075657352257654785, 'testTask', 'test', '参数', 0, NULL, 1000, '2019-05-30 15:25:10');
INSERT INTO `t_schedule_job_log` VALUES (1133997805407121410, 1086176328410615809, 'testTask', 'test2', '', 0, NULL, 0, '2019-05-30 15:25:20');
INSERT INTO `t_schedule_job_log` VALUES (1133997806682189826, 1086176462716424193, 'testTask', 'test3', '测试', 0, NULL, 10004, '2019-05-30 15:25:10');
INSERT INTO `t_schedule_job_log` VALUES (1133997809223938049, 1075657352257654785, 'testTask', 'test', '参数', 0, NULL, 1002, '2019-05-30 15:25:20');
INSERT INTO `t_schedule_job_log` VALUES (1133997847933169666, 1086176462716424193, 'testTask', 'test3', '测试', 0, NULL, 10007, '2019-05-30 15:25:20');
INSERT INTO `t_schedule_job_log` VALUES (1133997848033832962, 1086176328410615809, 'testTask', 'test2', '', 0, NULL, 0, '2019-05-30 15:25:30');
INSERT INTO `t_schedule_job_log` VALUES (1133997851187949569, 1075657352257654785, 'testTask', 'test', '参数', 0, NULL, 1000, '2019-05-30 15:25:30');
INSERT INTO `t_schedule_job_log` VALUES (1133997870565634049, 1086176462716424193, 'testTask', 'test3', '测试', 0, NULL, 5003, '2019-05-30 15:25:31');
INSERT INTO `t_schedule_job_log` VALUES (1133997889129623553, 1086176328410615809, 'testTask', 'test2', '', 0, NULL, 0, '2019-05-30 15:25:40');
INSERT INTO `t_schedule_job_log` VALUES (1133997893114212353, 1075657352257654785, 'testTask', 'test', '参数', 0, NULL, 1001, '2019-05-30 15:25:40');
INSERT INTO `t_schedule_job_log` VALUES (1133997910990336002, 1086176462716424193, 'testTask', 'test3', '测试', 0, NULL, 5004, '2019-05-30 15:25:40');
INSERT INTO `t_schedule_job_log` VALUES (1133997931785695234, 1086176328410615809, 'testTask', 'test2', '', 0, NULL, 0, '2019-05-30 15:25:50');
INSERT INTO `t_schedule_job_log` VALUES (1133997935170498562, 1075657352257654785, 'testTask', 'test', '参数', 0, NULL, 1001, '2019-05-30 15:25:50');
INSERT INTO `t_schedule_job_log` VALUES (1133997966388703234, 1086176462716424193, 'testTask', 'test3', '测试', 0, NULL, 8155, '2019-05-30 15:25:50');
INSERT INTO `t_schedule_job_log` VALUES (1133997973804232705, 1086176328410615809, 'testTask', 'test2', '', 0, NULL, 46, '2019-05-30 15:26:00');
INSERT INTO `t_schedule_job_log` VALUES (1133997977474248705, 1075657352257654785, 'testTask', 'test', '参数', 0, NULL, 1040, '2019-05-30 15:26:00');
INSERT INTO `t_schedule_job_log` VALUES (1133998012702208002, 1086176462716424193, 'testTask', 'test3', '测试', 0, NULL, 9146, '2019-05-30 15:26:00');
INSERT INTO `t_schedule_job_log` VALUES (1133998015667580929, 1086176328410615809, 'testTask', 'test2', '', 0, NULL, 0, '2019-05-30 15:26:10');
INSERT INTO `t_schedule_job_log` VALUES (1133998018985275393, 1075657352257654785, 'testTask', 'test', '参数', 0, NULL, 1000, '2019-05-30 15:26:10');
INSERT INTO `t_schedule_job_log` VALUES (1133998057170219009, 1086176328410615809, 'testTask', 'test2', '', 0, NULL, 1, '2019-05-30 15:26:20');
INSERT INTO `t_schedule_job_log` VALUES (1133998058403344385, 1086176462716424193, 'testTask', 'test3', '测试', 0, NULL, 10004, '2019-05-30 15:26:10');
INSERT INTO `t_schedule_job_log` VALUES (1133998060907343874, 1075657352257654785, 'testTask', 'test', '参数', 0, NULL, 1002, '2019-05-30 15:26:20');
INSERT INTO `t_schedule_job_log` VALUES (1133998083078434818, 1086176462716424193, 'testTask', 'test3', '测试', 0, NULL, 6002, '2019-05-30 15:26:20');
INSERT INTO `t_schedule_job_log` VALUES (1133998098983235585, 1086176328410615809, 'testTask', 'test2', '', 0, NULL, 0, '2019-05-30 15:26:30');
INSERT INTO `t_schedule_job_log` VALUES (1133998102800052225, 1075657352257654785, 'testTask', 'test', '参数', 0, NULL, 1001, '2019-05-30 15:26:30');
INSERT INTO `t_schedule_job_log` VALUES (1133998132944515073, 1086176462716424193, 'testTask', 'test3', '测试', 0, NULL, 8003, '2019-05-30 15:26:30');
INSERT INTO `t_schedule_job_log` VALUES (1133998141647695873, 1086176328410615809, 'testTask', 'test2', '', 0, NULL, 0, '2019-05-30 15:26:40');
INSERT INTO `t_schedule_job_log` VALUES (1133998145212854273, 1075657352257654785, 'testTask', 'test', '参数', 0, NULL, 1001, '2019-05-30 15:26:40');
INSERT INTO `t_schedule_job_log` VALUES (1133998180004605953, 1086176462716424193, 'testTask', 'test3', '测试', 0, NULL, 9004, '2019-05-30 15:26:40');
INSERT INTO `t_schedule_job_log` VALUES (1133998182911258625, 1086176328410615809, 'testTask', 'test2', '', 0, NULL, 1, '2019-05-30 15:26:50');
INSERT INTO `t_schedule_job_log` VALUES (1133998186786795522, 1075657352257654785, 'testTask', 'test', '参数', 0, NULL, 1001, '2019-05-30 15:26:50');
INSERT INTO `t_schedule_job_log` VALUES (1133998225705742338, 1086176462716424193, 'testTask', 'test3', '测试', 0, NULL, 10004, '2019-05-30 15:26:50');
INSERT INTO `t_schedule_job_log` VALUES (1133998225835765761, 1086176328410615809, 'testTask', 'test2', '', 0, NULL, 1, '2019-05-30 15:27:00');
INSERT INTO `t_schedule_job_log` VALUES (1133998229103128577, 1075657352257654785, 'testTask', 'test', '参数', 0, NULL, 1002, '2019-05-30 15:27:00');
INSERT INTO `t_schedule_job_log` VALUES (1133998264339476481, 1086176462716424193, 'testTask', 'test3', '测试', 0, NULL, 9003, '2019-05-30 15:27:01');
INSERT INTO `t_schedule_job_log` VALUES (1133998266864447490, 1086176328410615809, 'testTask', 'test2', '', 0, NULL, 1, '2019-05-30 15:27:10');
INSERT INTO `t_schedule_job_log` VALUES (1133998270765150209, 1075657352257654785, 'testTask', 'test', '参数', 0, NULL, 1001, '2019-05-30 15:27:10');
INSERT INTO `t_schedule_job_log` VALUES (1133998296828555266, 1086176462716424193, 'testTask', 'test3', '测试', 0, NULL, 7004, '2019-05-30 15:27:10');
INSERT INTO `t_schedule_job_log` VALUES (1133998309273055234, 1086176328410615809, 'testTask', 'test2', '', 0, NULL, 1, '2019-05-30 15:27:20');
INSERT INTO `t_schedule_job_log` VALUES (1133998312838213634, 1075657352257654785, 'testTask', 'test', '参数', 0, NULL, 1001, '2019-05-30 15:27:20');
INSERT INTO `t_schedule_job_log` VALUES (1133998350737944578, 1086176328410615809, 'testTask', 'test2', '', 0, NULL, 1, '2019-05-30 15:27:30');
INSERT INTO `t_schedule_job_log` VALUES (1133998352252088321, 1086176462716424193, 'testTask', 'test3', '测试', 0, NULL, 10005, '2019-05-30 15:27:20');
INSERT INTO `t_schedule_job_log` VALUES (1133998354521206786, 1075657352257654785, 'testTask', 'test', '参数', 0, NULL, 1000, '2019-05-30 15:27:30');
INSERT INTO `t_schedule_job_log` VALUES (1133998384992825346, 1086176462716424193, 'testTask', 'test3', '测试', 0, NULL, 8006, '2019-05-30 15:27:30');
INSERT INTO `t_schedule_job_log` VALUES (1133998393016528898, 1086176328410615809, 'testTask', 'test2', '', 0, NULL, 0, '2019-05-30 15:27:40');
INSERT INTO `t_schedule_job_log` VALUES (1133998396594270210, 1075657352257654785, 'testTask', 'test', '参数', 0, NULL, 1002, '2019-05-30 15:27:40');
INSERT INTO `t_schedule_job_log` VALUES (1133998434481418241, 1086176328410615809, 'testTask', 'test2', '', 0, NULL, 0, '2019-05-30 15:27:50');
INSERT INTO `t_schedule_job_log` VALUES (1133998435504828417, 1086176462716424193, 'testTask', 'test3', '测试', 0, NULL, 10005, '2019-05-30 15:27:40');
INSERT INTO `t_schedule_job_log` VALUES (1133998438373732354, 1075657352257654785, 'testTask', 'test', '参数', 0, NULL, 1001, '2019-05-30 15:27:50');
INSERT INTO `t_schedule_job_log` VALUES (1133998455964643330, 1086176462716424193, 'testTask', 'test3', '测试', 0, NULL, 5003, '2019-05-30 15:27:50');
INSERT INTO `t_schedule_job_log` VALUES (1133998476520927233, 1086176328410615809, 'testTask', 'test2', '', 0, NULL, 1, '2019-05-30 15:28:00');
INSERT INTO `t_schedule_job_log` VALUES (1133998480291606530, 1075657352257654785, 'testTask', 'test', '参数', 0, NULL, 1000, '2019-05-30 15:28:00');
INSERT INTO `t_schedule_job_log` VALUES (1133998511123935234, 1086176462716424193, 'testTask', 'test3', '测试', 0, NULL, 8004, '2019-05-30 15:28:00');
INSERT INTO `t_schedule_job_log` VALUES (1133998518749179906, 1086176328410615809, 'testTask', 'test2', '', 0, NULL, 1, '2019-05-30 15:28:10');
INSERT INTO `t_schedule_job_log` VALUES (1133998522377252865, 1075657352257654785, 'testTask', 'test', '参数', 0, NULL, 1001, '2019-05-30 15:28:10');
INSERT INTO `t_schedule_job_log` VALUES (1133998552853065729, 1086176462716424193, 'testTask', 'test3', '测试', 0, NULL, 8005, '2019-05-30 15:28:10');
INSERT INTO `t_schedule_job_log` VALUES (1133998560423784449, 1086176328410615809, 'testTask', 'test2', '', 0, NULL, 0, '2019-05-30 15:28:20');
INSERT INTO `t_schedule_job_log` VALUES (1133998564244795394, 1075657352257654785, 'testTask', 'test', '参数', 0, NULL, 1000, '2019-05-30 15:28:20');
INSERT INTO `t_schedule_job_log` VALUES (1133998594779328514, 1086176462716424193, 'testTask', 'test3', '测试', 0, NULL, 8004, '2019-05-30 15:28:20');
INSERT INTO `t_schedule_job_log` VALUES (1133998603297959938, 1086176328410615809, 'testTask', 'test2', '', 0, NULL, 0, '2019-05-30 15:28:30');
INSERT INTO `t_schedule_job_log` VALUES (1133998606250749953, 1075657352257654785, 'testTask', 'test', '参数', 0, NULL, 1002, '2019-05-30 15:28:30');
INSERT INTO `t_schedule_job_log` VALUES (1133998624932179969, 1086176462716424193, 'testTask', 'test3', '测试', 0, NULL, 5004, '2019-05-30 15:28:31');
INSERT INTO `t_schedule_job_log` VALUES (1133998644272115713, 1086176328410615809, 'testTask', 'test2', '', 0, NULL, 0, '2019-05-30 15:28:40');
INSERT INTO `t_schedule_job_log` VALUES (1133998648097320962, 1075657352257654785, 'testTask', 'test', '参数', 0, NULL, 1001, '2019-05-30 15:28:40');
INSERT INTO `t_schedule_job_log` VALUES (1133998682436087809, 1086176462716424193, 'testTask', 'test3', '测试', 0, NULL, 9005, '2019-05-30 15:28:40');
INSERT INTO `t_schedule_job_log` VALUES (1133998687477641218, 1086176328410615809, 'testTask', 'test2', '', 0, NULL, 0, '2019-05-30 15:28:50');
INSERT INTO `t_schedule_job_log` VALUES (1133998690375905281, 1075657352257654785, 'testTask', 'test', '参数', 0, NULL, 1001, '2019-05-30 15:28:50');
INSERT INTO `t_schedule_job_log` VALUES (1133998708981837825, 1086176462716424193, 'testTask', 'test3', '测试', 0, NULL, 5004, '2019-05-30 15:28:51');
INSERT INTO `t_schedule_job_log` VALUES (1133998728158195713, 1086176328410615809, 'testTask', 'test2', '', 0, NULL, 0, '2019-05-30 15:29:00');
INSERT INTO `t_schedule_job_log` VALUES (1133998732037926914, 1075657352257654785, 'testTask', 'test', '参数', 0, NULL, 1000, '2019-05-30 15:29:00');
INSERT INTO `t_schedule_job_log` VALUES (1133998762853478401, 1086176462716424193, 'testTask', 'test3', '测试', 0, NULL, 8004, '2019-05-30 15:29:00');
INSERT INTO `t_schedule_job_log` VALUES (1133998771166588930, 1086176328410615809, 'testTask', 'test2', '', 0, NULL, 0, '2019-05-30 15:29:10');
INSERT INTO `t_schedule_job_log` VALUES (1133998774568169474, 1075657352257654785, 'testTask', 'test', '参数', 0, NULL, 1000, '2019-05-30 15:29:10');
INSERT INTO `t_schedule_job_log` VALUES (1133998809540276226, 1086176462716424193, 'testTask', 'test3', '测试', 0, NULL, 9004, '2019-05-30 15:29:11');
INSERT INTO `t_schedule_job_log` VALUES (1133998812014915585, 1086176328410615809, 'testTask', 'test2', '', 0, NULL, 2, '2019-05-30 15:29:20');
INSERT INTO `t_schedule_job_log` VALUES (1133998815915618305, 1075657352257654785, 'testTask', 'test', '参数', 0, NULL, 1003, '2019-05-30 15:29:20');
INSERT INTO `t_schedule_job_log` VALUES (1133998842150989826, 1086176462716424193, 'testTask', 'test3', '测试', 0, NULL, 7004, '2019-05-30 15:29:20');
INSERT INTO `t_schedule_job_log` VALUES (1133998854192836609, 1086176328410615809, 'testTask', 'test2', '', 0, NULL, 0, '2019-05-30 15:29:30');
INSERT INTO `t_schedule_job_log` VALUES (1133998857808326658, 1075657352257654785, 'testTask', 'test', '参数', 0, NULL, 1000, '2019-05-30 15:29:30');
INSERT INTO `t_schedule_job_log` VALUES (1133998884442157058, 1086176462716424193, 'testTask', 'test3', '测试', 0, NULL, 7004, '2019-05-30 15:29:30');
INSERT INTO `t_schedule_job_log` VALUES (1133998895829692417, 1086176328410615809, 'testTask', 'test2', '', 0, NULL, 0, '2019-05-30 15:29:40');
INSERT INTO `t_schedule_job_log` VALUES (1133998899755560961, 1075657352257654785, 'testTask', 'test', '参数', 0, NULL, 1002, '2019-05-30 15:29:40');
INSERT INTO `t_schedule_job_log` VALUES (1133998934681530369, 1086176462716424193, 'testTask', 'test3', '测试', 0, NULL, 9004, '2019-05-30 15:29:40');
INSERT INTO `t_schedule_job_log` VALUES (1133998938087305217, 1086176328410615809, 'testTask', 'test2', '', 0, NULL, 0, '2019-05-30 15:29:50');
INSERT INTO `t_schedule_job_log` VALUES (1133998941694406657, 1075657352257654785, 'testTask', 'test', '参数', 0, NULL, 1001, '2019-05-30 15:29:50');
INSERT INTO `t_schedule_job_log` VALUES (1133998980441387009, 1086176328410615809, 'testTask', 'test2', '', 0, NULL, 1, '2019-05-30 15:30:00');
INSERT INTO `t_schedule_job_log` VALUES (1133998980533661697, 1086176462716424193, 'testTask', 'test3', '测试', 0, NULL, 10003, '2019-05-30 15:29:50');
INSERT INTO `t_schedule_job_log` VALUES (1133998983679389697, 1075657352257654785, 'testTask', 'test', '参数', 0, NULL, 1000, '2019-05-30 15:30:00');
INSERT INTO `t_schedule_job_log` VALUES (1133999002604089346, 1086176462716424193, 'testTask', 'test3', '测试', 0, NULL, 5006, '2019-05-30 15:30:01');
INSERT INTO `t_schedule_job_log` VALUES (1133999024146034690, 1086176328410615809, 'testTask', 'test2', '', 0, NULL, 1, '2019-05-30 15:30:11');
INSERT INTO `t_schedule_job_log` VALUES (1133999026901692418, 1075657352257654785, 'testTask', 'test', '参数', 0, NULL, 1001, '2019-05-30 15:30:10');
INSERT INTO `t_schedule_job_log` VALUES (1133999063811567618, 1086176328410615809, 'testTask', 'test2', '', 0, NULL, 0, '2019-05-30 15:30:20');
INSERT INTO `t_schedule_job_log` VALUES (1133999064038060033, 1086176462716424193, 'testTask', 'test3', '测试', 0, NULL, 9004, '2019-05-30 15:30:11');
INSERT INTO `t_schedule_job_log` VALUES (1133999067678715905, 1075657352257654785, 'testTask', 'test', '参数', 0, NULL, 1002, '2019-05-30 15:30:20');
INSERT INTO `t_schedule_job_log` VALUES (1133999081217929217, 1086176462716424193, 'testTask', 'test3', '测试', 0, NULL, 4003, '2019-05-30 15:30:20');
INSERT INTO `t_schedule_job_log` VALUES (1133999105637167105, 1086176328410615809, 'testTask', 'test2', '', 0, NULL, 0, '2019-05-30 15:30:30');
INSERT INTO `t_schedule_job_log` VALUES (1133999109529481217, 1075657352257654785, 'testTask', 'test', '参数', 0, NULL, 1001, '2019-05-30 15:30:30');
INSERT INTO `t_schedule_job_log` VALUES (1133999127149752321, 1086176462716424193, 'testTask', 'test3', '测试', 0, NULL, 5003, '2019-05-30 15:30:30');
INSERT INTO `t_schedule_job_log` VALUES (1133999147710230529, 1086176328410615809, 'testTask', 'test2', '', 0, NULL, 1, '2019-05-30 15:30:40');
INSERT INTO `t_schedule_job_log` VALUES (1133999151451549698, 1075657352257654785, 'testTask', 'test', '参数', 0, NULL, 1000, '2019-05-30 15:30:40');
INSERT INTO `t_schedule_job_log` VALUES (1133999165196283905, 1086176462716424193, 'testTask', 'test3', '测试', 0, NULL, 4003, '2019-05-30 15:30:40');
INSERT INTO `t_schedule_job_log` VALUES (1133999189271588865, 1086176328410615809, 'testTask', 'test2', '', 0, NULL, 1, '2019-05-30 15:30:50');
INSERT INTO `t_schedule_job_log` VALUES (1133999193331675138, 1075657352257654785, 'testTask', 'test', '参数', 0, NULL, 1001, '2019-05-30 15:30:50');
INSERT INTO `t_schedule_job_log` VALUES (1133999231806025730, 1086176462716424193, 'testTask', 'test3', '测试', 0, NULL, 10007, '2019-05-30 15:30:50');
INSERT INTO `t_schedule_job_log` VALUES (1133999231831191554, 1086176328410615809, 'testTask', 'test2', '', 0, NULL, 1, '2019-05-30 15:31:00');
INSERT INTO `t_schedule_job_log` VALUES (1133999235333435394, 1075657352257654785, 'testTask', 'test', '参数', 0, NULL, 1002, '2019-05-30 15:31:00');
INSERT INTO `t_schedule_job_log` VALUES (1133999270787887106, 1086176462716424193, 'testTask', 'test3', '测试', 0, NULL, 9006, '2019-05-30 15:31:00');
INSERT INTO `t_schedule_job_log` VALUES (1133999273338023937, 1086176328410615809, 'testTask', 'test2', '', 0, NULL, 0, '2019-05-30 15:31:10');
INSERT INTO `t_schedule_job_log` VALUES (1133999277221949442, 1075657352257654785, 'testTask', 'test', '参数', 0, NULL, 1000, '2019-05-30 15:31:10');
INSERT INTO `t_schedule_job_log` VALUES (1133999307576127490, 1086176462716424193, 'testTask', 'test3', '测试', 0, NULL, 8005, '2019-05-30 15:31:10');
INSERT INTO `t_schedule_job_log` VALUES (1133999316279308289, 1086176328410615809, 'testTask', 'test2', '', 0, NULL, 1, '2019-05-30 15:31:20');
INSERT INTO `t_schedule_job_log` VALUES (1133999319987073026, 1075657352257654785, 'testTask', 'test', '参数', 0, NULL, 1002, '2019-05-30 15:31:20');
INSERT INTO `t_schedule_job_log` VALUES (1133999341768093698, 1086176462716424193, 'testTask', 'test3', '测试', 0, NULL, 6002, '2019-05-30 15:31:20');
INSERT INTO `t_schedule_job_log` VALUES (1133999357446402049, 1086176328410615809, 'testTask', 'test2', '', 0, NULL, 0, '2019-05-30 15:31:30');
INSERT INTO `t_schedule_job_log` VALUES (1133999361279995905, 1075657352257654785, 'testTask', 'test', '参数', 0, NULL, 1001, '2019-05-30 15:31:30');
INSERT INTO `t_schedule_job_log` VALUES (1133999392053604353, 1086176462716424193, 'testTask', 'test3', '测试', 0, NULL, 8005, '2019-05-30 15:31:30');
INSERT INTO `t_schedule_job_log` VALUES (1133999400123445249, 1086176328410615809, 'testTask', 'test2', '', 0, NULL, 1, '2019-05-30 15:31:40');
INSERT INTO `t_schedule_job_log` VALUES (1133999403764101121, 1075657352257654785, 'testTask', 'test', '参数', 0, NULL, 1001, '2019-05-30 15:31:40');
INSERT INTO `t_schedule_job_log` VALUES (1133999434072141826, 1086176462716424193, 'testTask', 'test3', '测试', 0, NULL, 8006, '2019-05-30 15:31:40');
INSERT INTO `t_schedule_job_log` VALUES (1133999442645299201, 1086176328410615809, 'testTask', 'test2', '', 0, NULL, 0, '2019-05-30 15:31:50');
INSERT INTO `t_schedule_job_log` VALUES (1133999446353063937, 1075657352257654785, 'testTask', 'test', '参数', 0, NULL, 1001, '2019-05-30 15:31:50');
INSERT INTO `t_schedule_job_log` VALUES (1133999481228701698, 1086176462716424193, 'testTask', 'test3', '测试', 0, NULL, 9007, '2019-05-30 15:31:51');
INSERT INTO `t_schedule_job_log` VALUES (1133999483346825218, 1086176328410615809, 'testTask', 'test2', '', 0, NULL, 1, '2019-05-30 15:32:00');
INSERT INTO `t_schedule_job_log` VALUES (1133999487016841218, 1075657352257654785, 'testTask', 'test', '参数', 0, NULL, 1001, '2019-05-30 15:32:00');
INSERT INTO `t_schedule_job_log` VALUES (1133999509900963841, 1086176462716424193, 'testTask', 'test3', '测试', 0, NULL, 6005, '2019-05-30 15:32:01');
INSERT INTO `t_schedule_job_log` VALUES (1133999525063372802, 1086176328410615809, 'testTask', 'test2', '', 0, NULL, 1, '2019-05-30 15:32:10');
INSERT INTO `t_schedule_job_log` VALUES (1133999529039572993, 1075657352257654785, 'testTask', 'test', '参数', 0, NULL, 1001, '2019-05-30 15:32:10');
INSERT INTO `t_schedule_job_log` VALUES (1133999558907211778, 1086176462716424193, 'testTask', 'test3', '测试', 0, NULL, 8006, '2019-05-30 15:32:10');
INSERT INTO `t_schedule_job_log` VALUES (1133999567857856514, 1086176328410615809, 'testTask', 'test2', '', 0, NULL, 0, '2019-05-30 15:32:20');
INSERT INTO `t_schedule_job_log` VALUES (1133999571733393409, 1075657352257654785, 'testTask', 'test', '参数', 0, NULL, 1000, '2019-05-30 15:32:20');
INSERT INTO `t_schedule_job_log` VALUES (1133999606076354562, 1086176462716424193, 'testTask', 'test3', '测试', 0, NULL, 9006, '2019-05-30 15:32:20');
INSERT INTO `t_schedule_job_log` VALUES (1133999609113030658, 1086176328410615809, 'testTask', 'test2', '', 0, NULL, 1, '2019-05-30 15:32:30');
INSERT INTO `t_schedule_job_log` VALUES (1133999612787240962, 1075657352257654785, 'testTask', 'test', '参数', 0, NULL, 1001, '2019-05-30 15:32:30');
INSERT INTO `t_schedule_job_log` VALUES (1133999643191750658, 1086176462716424193, 'testTask', 'test3', '测试', 0, NULL, 8005, '2019-05-30 15:32:30');
INSERT INTO `t_schedule_job_log` VALUES (1133999651878154242, 1086176328410615809, 'testTask', 'test2', '', 0, NULL, 0, '2019-05-30 15:32:40');
INSERT INTO `t_schedule_job_log` VALUES (1133999655342649345, 1075657352257654785, 'testTask', 'test', '参数', 0, NULL, 1001, '2019-05-30 15:32:40');
INSERT INTO `t_schedule_job_log` VALUES (1133999686120452098, 1086176462716424193, 'testTask', 'test3', '测试', 0, NULL, 8005, '2019-05-30 15:32:41');
INSERT INTO `t_schedule_job_log` VALUES (1133999693175271426, 1086176328410615809, 'testTask', 'test2', '', 0, NULL, 1, '2019-05-30 15:32:50');
INSERT INTO `t_schedule_job_log` VALUES (1133999697025642497, 1075657352257654785, 'testTask', 'test', '参数', 0, NULL, 1002, '2019-05-30 15:32:50');
INSERT INTO `t_schedule_job_log` VALUES (1133999731507015681, 1086176462716424193, 'testTask', 'test3', '测试', 0, NULL, 9006, '2019-05-30 15:32:50');
INSERT INTO `t_schedule_job_log` VALUES (1133999736615677954, 1086176328410615809, 'testTask', 'test2', '', 0, NULL, 1, '2019-05-30 15:33:01');
INSERT INTO `t_schedule_job_log` VALUES (1133999739052568577, 1075657352257654785, 'testTask', 'test', '参数', 0, NULL, 1000, '2019-05-30 15:33:00');
INSERT INTO `t_schedule_job_log` VALUES (1133999776801304577, 1086176328410615809, 'testTask', 'test2', '', 0, NULL, 0, '2019-05-30 15:33:10');
INSERT INTO `t_schedule_job_log` VALUES (1133999779510824961, 1086176462716424193, 'testTask', 'test3', '测试', 0, NULL, 10004, '2019-05-30 15:33:01');
INSERT INTO `t_schedule_job_log` VALUES (1133999780622315521, 1075657352257654785, 'testTask', 'test', '参数', 0, NULL, 1001, '2019-05-30 15:33:10');
INSERT INTO `t_schedule_job_log` VALUES (1133999789786869762, 1086176462716424193, 'testTask', 'test3', '测试', 0, NULL, 3002, '2019-05-30 15:33:10');
INSERT INTO `t_schedule_job_log` VALUES (1133999819050528770, 1086176328410615809, 'testTask', 'test2', '', 0, NULL, 1, '2019-05-30 15:33:20');
INSERT INTO `t_schedule_job_log` VALUES (1133999822699573249, 1075657352257654785, 'testTask', 'test', '参数', 0, NULL, 1001, '2019-05-30 15:33:20');
INSERT INTO `t_schedule_job_log` VALUES (1133999860674801666, 1086176328410615809, 'testTask', 'test2', '', 0, NULL, 1, '2019-05-30 15:33:30');
INSERT INTO `t_schedule_job_log` VALUES (1133999861748543489, 1086176462716424193, 'testTask', 'test3', '测试', 0, NULL, 10006, '2019-05-30 15:33:20');
INSERT INTO `t_schedule_job_log` VALUES (1133999864470646785, 1075657352257654785, 'testTask', 'test', '参数', 0, NULL, 1002, '2019-05-30 15:33:30');
INSERT INTO `t_schedule_job_log` VALUES (1133999899161735170, 1086176462716424193, 'testTask', 'test3', '测试', 0, NULL, 9004, '2019-05-30 15:33:30');
INSERT INTO `t_schedule_job_log` VALUES (1133999902584287233, 1086176328410615809, 'testTask', 'test2', '', 0, NULL, 1, '2019-05-30 15:33:40');
INSERT INTO `t_schedule_job_log` VALUES (1133999906539515906, 1075657352257654785, 'testTask', 'test', '参数', 0, NULL, 1001, '2019-05-30 15:33:40');
INSERT INTO `t_schedule_job_log` VALUES (1133999941050249218, 1086176462716424193, 'testTask', 'test3', '测试', 0, NULL, 9005, '2019-05-30 15:33:40');
INSERT INTO `t_schedule_job_log` VALUES (1133999944950951937, 1086176328410615809, 'testTask', 'test2', '', 0, NULL, 0, '2019-05-30 15:33:50');
INSERT INTO `t_schedule_job_log` VALUES (1133999948486750209, 1075657352257654785, 'testTask', 'test', '参数', 0, NULL, 1001, '2019-05-30 15:33:50');
INSERT INTO `t_schedule_job_log` VALUES (1133999962210512898, 1086176462716424193, 'testTask', 'test3', '测试', 0, NULL, 4004, '2019-05-30 15:33:50');
INSERT INTO `t_schedule_job_log` VALUES (1133999987581857794, 1086176328410615809, 'testTask', 'test2', '', 0, NULL, 0, '2019-05-30 15:34:00');
INSERT INTO `t_schedule_job_log` VALUES (1133999990312349697, 1075657352257654785, 'testTask', 'test', '参数', 0, NULL, 1001, '2019-05-30 15:34:00');
INSERT INTO `t_schedule_job_log` VALUES (1134000018997194753, 1086176462716424193, 'testTask', 'test3', '测试', 0, NULL, 7003, '2019-05-30 15:34:01');
INSERT INTO `t_schedule_job_log` VALUES (1134000028744757249, 1086176328410615809, 'testTask', 'test2', '', 0, NULL, 0, '2019-05-30 15:34:10');
INSERT INTO `t_schedule_job_log` VALUES (1134000032637071361, 1075657352257654785, 'testTask', 'test', '参数', 0, NULL, 1002, '2019-05-30 15:34:10');
INSERT INTO `t_schedule_job_log` VALUES (1134000059069575170, 1086176462716424193, 'testTask', 'test3', '测试', 0, NULL, 7003, '2019-05-30 15:34:10');
INSERT INTO `t_schedule_job_log` VALUES (1134000071631515650, 1086176328410615809, 'testTask', 'test2', '', 0, NULL, 0, '2019-05-30 15:34:20');
INSERT INTO `t_schedule_job_log` VALUES (1134000074328453122, 1075657352257654785, 'testTask', 'test', '参数', 0, NULL, 1001, '2019-05-30 15:34:20');
INSERT INTO `t_schedule_job_log` VALUES (1134000114388250626, 1086176462716424193, 'testTask', 'test3', '测试', 0, NULL, 10017, '2019-05-30 15:34:21');
INSERT INTO `t_schedule_job_log` VALUES (1134000118129569794, 1086176328410615809, 'testTask', 'test2', '', 0, NULL, 7, '2019-05-30 15:34:32');
INSERT INTO `t_schedule_job_log` VALUES (1134000118318313474, 1075657352257654785, 'testTask', 'test', '参数', 0, NULL, 1004, '2019-05-30 15:34:31');
INSERT INTO `t_schedule_job_log` VALUES (1134000145619038209, 1086176462716424193, 'testTask', 'test3', '测试', 0, NULL, 6013, '2019-05-30 15:34:32');
INSERT INTO `t_schedule_job_log` VALUES (1134000158596214786, 1086176328410615809, 'testTask', 'test2', '', 0, NULL, 3, '2019-05-30 15:34:41');
INSERT INTO `t_schedule_job_log` VALUES (1134000161297346561, 1075657352257654785, 'testTask', 'test', '参数', 0, NULL, 1002, '2019-05-30 15:34:41');
INSERT INTO `t_schedule_job_log` VALUES (1134000198282719234, 1086176462716424193, 'testTask', 'test3', '测试', 0, NULL, 9031, '2019-05-30 15:34:42');
INSERT INTO `t_schedule_job_log` VALUES (1134000200845438977, 1086176328410615809, 'testTask', 'test2', '', 0, NULL, 1, '2019-05-30 15:34:51');
INSERT INTO `t_schedule_job_log` VALUES (1134000203571736578, 1075657352257654785, 'testTask', 'test', '参数', 0, NULL, 1000, '2019-05-30 15:34:51');
INSERT INTO `t_schedule_job_log` VALUES (1134000239550476290, 1086176328410615809, 'testTask', 'test2', '', 0, NULL, 30, '2019-05-30 15:35:00');
INSERT INTO `t_schedule_job_log` VALUES (1134000242947862529, 1075657352257654785, 'testTask', 'test', '参数', 0, NULL, 1046, '2019-05-30 15:35:00');
INSERT INTO `t_schedule_job_log` VALUES (1134000244768190466, 1086176462716424193, 'testTask', 'test3', '测试', 0, NULL, 10101, '2019-05-30 15:34:52');
INSERT INTO `t_schedule_job_log` VALUES (1134000281724203009, 1086176462716424193, 'testTask', 'test3', '测试', 0, NULL, 10007, '2019-05-30 15:35:01');
INSERT INTO `t_schedule_job_log` VALUES (1134000286006587394, 1075657352257654785, 'testTask', 'test', '参数', 0, NULL, 1003, '2019-05-30 15:35:11');
INSERT INTO `t_schedule_job_log` VALUES (1134000289236201474, 1086176328410615809, 'testTask', 'test2', '', 0, NULL, 1, '2019-05-30 15:35:12');
INSERT INTO `t_schedule_job_log` VALUES (1134000326536146945, 1086176328410615809, 'testTask', 'test2', '', 0, NULL, 1, '2019-05-30 15:35:21');
INSERT INTO `t_schedule_job_log` VALUES (1134000326905245698, 1086176462716424193, 'testTask', 'test3', '测试', 0, NULL, 8004, '2019-05-30 15:35:13');
INSERT INTO `t_schedule_job_log` VALUES (1134000326947188737, 1075657352257654785, 'testTask', 'test', '参数', 0, NULL, 1005, '2019-05-30 15:35:20');
INSERT INTO `t_schedule_job_log` VALUES (1134000371863990273, 1086176328410615809, 'testTask', 'test2', '', 0, NULL, 9, '2019-05-30 15:35:32');
INSERT INTO `t_schedule_job_log` VALUES (1134000372098871297, 1086176462716424193, 'testTask', 'test3', '测试', 0, NULL, 6003, '2019-05-30 15:35:26');
INSERT INTO `t_schedule_job_log` VALUES (1134000372149202946, 1075657352257654785, 'testTask', 'test', '参数', 0, NULL, 1017, '2019-05-30 15:35:31');
INSERT INTO `t_schedule_job_log` VALUES (1134000415220510722, 1086176462716424193, 'testTask', 'test3', '测试', 0, NULL, 9016, '2019-05-30 15:35:33');
INSERT INTO `t_schedule_job_log` VALUES (1134000415635746817, 1075657352257654785, 'testTask', 'test', '参数', 0, NULL, 1002, '2019-05-30 15:35:41');
INSERT INTO `t_schedule_job_log` VALUES (1134000432559763458, 1086176328410615809, 'testTask', 'test2', '', 0, NULL, 1, '2019-05-30 15:35:46');
INSERT INTO `t_schedule_job_log` VALUES (1134000454248509441, 1086176462716424193, 'testTask', 'test3', '测试', 0, NULL, 2002, '2019-05-30 15:35:50');
INSERT INTO `t_schedule_job_log` VALUES (1134000454747631617, 1086176328410615809, 'testTask', 'test2', '', 0, NULL, 1, '2019-05-30 15:35:52');
INSERT INTO `t_schedule_job_log` VALUES (1134000454999289858, 1075657352257654785, 'testTask', 'test', '参数', 0, NULL, 1009, '2019-05-30 15:35:51');
INSERT INTO `t_schedule_job_log` VALUES (1134000494484467714, 1075657352257654785, 'testTask', 'test', '参数', 0, NULL, 1004, '2019-05-30 15:36:00');
INSERT INTO `t_schedule_job_log` VALUES (1134000500775923713, 1086176462716424193, 'testTask', 'test3', '测试', 0, NULL, 10004, '2019-05-30 15:35:53');
INSERT INTO `t_schedule_job_log` VALUES (1134000505590984705, 1086176328410615809, 'testTask', 'test2', '', 0, NULL, 1, '2019-05-30 15:36:04');
INSERT INTO `t_schedule_job_log` VALUES (1134000537568358402, 1075657352257654785, 'testTask', 'test', '参数', 0, NULL, 1002, '2019-05-30 15:36:11');
INSERT INTO `t_schedule_job_log` VALUES (1134000538197504002, 1086176328410615809, 'testTask', 'test2', '', 0, NULL, 4, '2019-05-30 15:36:12');
INSERT INTO `t_schedule_job_log` VALUES (1134000568434241537, 1086176462716424193, 'testTask', 'test3', '测试', 0, NULL, 10005, '2019-05-30 15:36:09');
INSERT INTO `t_schedule_job_log` VALUES (1134000575891714049, 1086176328410615809, 'testTask', 'test2', '', 0, NULL, 2, '2019-05-30 15:36:21');
INSERT INTO `t_schedule_job_log` VALUES (1134000577951117313, 1086176462716424193, 'testTask', 'test3', '测试', 0, NULL, 8005, '2019-05-30 15:36:13');
INSERT INTO `t_schedule_job_log` VALUES (1134000578345381889, 1075657352257654785, 'testTask', 'test', '参数', 0, NULL, 1003, '2019-05-30 15:36:20');
INSERT INTO `t_schedule_job_log` VALUES (1134000619072073730, 1086176462716424193, 'testTask', 'test3', '测试', 0, NULL, 10007, '2019-05-30 15:36:21');
INSERT INTO `t_schedule_job_log` VALUES (1134000621391523841, 1075657352257654785, 'testTask', 'test', '参数', 0, NULL, 1018, '2019-05-30 15:36:30');
INSERT INTO `t_schedule_job_log` VALUES (1134000629788520449, 1086176328410615809, 'testTask', 'test2', '', 0, NULL, 2, '2019-05-30 15:36:34');
INSERT INTO `t_schedule_job_log` VALUES (1134000659387723777, 1086176462716424193, 'testTask', 'test3', '测试', 0, NULL, 6003, '2019-05-30 15:36:35');
INSERT INTO `t_schedule_job_log` VALUES (1134000663808520193, 1075657352257654785, 'testTask', 'test', '参数', 0, NULL, 1009, '2019-05-30 15:36:41');
INSERT INTO `t_schedule_job_log` VALUES (1134000664580272129, 1086176328410615809, 'testTask', 'test2', '', 0, NULL, 15, '2019-05-30 15:36:42');
INSERT INTO `t_schedule_job_log` VALUES (1134000702161235969, 1086176462716424193, 'testTask', 'test3', '测试', 0, NULL, 8016, '2019-05-30 15:36:43');
INSERT INTO `t_schedule_job_log` VALUES (1134000703935426562, 1075657352257654785, 'testTask', 'test', '参数', 0, NULL, 1001, '2019-05-30 15:36:50');
INSERT INTO `t_schedule_job_log` VALUES (1134000705290186754, 1086176328410615809, 'testTask', 'test2', '', 0, NULL, 0, '2019-05-30 15:36:52');
INSERT INTO `t_schedule_job_log` VALUES (1134000745077354497, 1086176462716424193, 'testTask', 'test3', '测试', 0, NULL, 7017, '2019-05-30 15:36:54');
INSERT INTO `t_schedule_job_log` VALUES (1134000746717327362, 1075657352257654785, 'testTask', 'test', '参数', 0, NULL, 1001, '2019-05-30 15:37:00');
INSERT INTO `t_schedule_job_log` VALUES (1134000753990250498, 1086176328410615809, 'testTask', 'test2', '', 0, NULL, 1, '2019-05-30 15:37:03');
INSERT INTO `t_schedule_job_log` VALUES (1134000788593258498, 1075657352257654785, 'testTask', 'test', '参数', 0, NULL, 1001, '2019-05-30 15:37:10');
INSERT INTO `t_schedule_job_log` VALUES (1134000789063020546, 1086176328410615809, 'testTask', 'test2', '', 0, NULL, 2, '2019-05-30 15:37:11');
INSERT INTO `t_schedule_job_log` VALUES (1134000803969576962, 1086176462716424193, 'testTask', 'test3', '测试', 0, NULL, 10006, '2019-05-30 15:37:05');
INSERT INTO `t_schedule_job_log` VALUES (1134000833099018242, 1086176462716424193, 'testTask', 'test3', '测试', 0, NULL, 9006, '2019-05-30 15:37:13');
INSERT INTO `t_schedule_job_log` VALUES (1134000840464216065, 1075657352257654785, 'testTask', 'test', '参数', 0, NULL, 1002, '2019-05-30 15:37:23');
INSERT INTO `t_schedule_job_log` VALUES (1134000850295664642, 1086176328410615809, 'testTask', 'test2', '', 0, NULL, 0, '2019-05-30 15:37:26');
INSERT INTO `t_schedule_job_log` VALUES (1134000872890380289, 1075657352257654785, 'testTask', 'test', '参数', 0, NULL, 1001, '2019-05-30 15:37:30');
INSERT INTO `t_schedule_job_log` VALUES (1134000879274110978, 1086176328410615809, 'testTask', 'test2', '', 0, NULL, 1, '2019-05-30 15:37:33');
INSERT INTO `t_schedule_job_log` VALUES (1134000886467342338, 1086176462716424193, 'testTask', 'test3', '测试', 0, NULL, 8003, '2019-05-30 15:37:27');
INSERT INTO `t_schedule_job_log` VALUES (1134000909057863681, 1086176328410615809, 'testTask', 'test2', '', 0, NULL, 1, '2019-05-30 15:37:40');
INSERT INTO `t_schedule_job_log` VALUES (1134000913029869569, 1075657352257654785, 'testTask', 'test', '参数', 0, NULL, 1001, '2019-05-30 15:37:40');
INSERT INTO `t_schedule_job_log` VALUES (1134000914028113921, 1086176462716424193, 'testTask', 'test3', '测试', 0, NULL, 8003, '2019-05-30 15:37:33');
INSERT INTO `t_schedule_job_log` VALUES (1134000951332253698, 1086176462716424193, 'testTask', 'test3', '测试', 0, NULL, 10011, '2019-05-30 15:37:40');
INSERT INTO `t_schedule_job_log` VALUES (1134000951722323969, 1086176328410615809, 'testTask', 'test2', '', 0, NULL, 0, '2019-05-30 15:37:50');
INSERT INTO `t_schedule_job_log` VALUES (1134000955153264642, 1075657352257654785, 'testTask', 'test', '参数', 0, NULL, 1002, '2019-05-30 15:37:50');
INSERT INTO `t_schedule_job_log` VALUES (1134000981690626049, 1086176462716424193, 'testTask', 'test3', '测试', 0, NULL, 7004, '2019-05-30 15:37:50');
INSERT INTO `t_schedule_job_log` VALUES (1134000994038657026, 1086176328410615809, 'testTask', 'test2', '', 0, NULL, 1, '2019-05-30 15:38:00');
INSERT INTO `t_schedule_job_log` VALUES (1134000997146636290, 1075657352257654785, 'testTask', 'test', '参数', 0, NULL, 1001, '2019-05-30 15:38:00');
INSERT INTO `t_schedule_job_log` VALUES (1134001035188973569, 1086176328410615809, 'testTask', 'test2', '', 0, NULL, 0, '2019-05-30 15:38:10');
INSERT INTO `t_schedule_job_log` VALUES (1134001036736671745, 1086176462716424193, 'testTask', 'test3', '测试', 0, NULL, 10004, '2019-05-30 15:38:01');
INSERT INTO `t_schedule_job_log` VALUES (1134001038892544001, 1075657352257654785, 'testTask', 'test', '参数', 0, NULL, 1000, '2019-05-30 15:38:10');
INSERT INTO `t_schedule_job_log` VALUES (1134001077429809153, 1086176328410615809, 'testTask', 'test2', '', 0, NULL, 1, '2019-05-30 15:38:20');
INSERT INTO `t_schedule_job_log` VALUES (1134001077559832578, 1086176462716424193, 'testTask', 'test3', '测试', 0, NULL, 10004, '2019-05-30 15:38:10');
INSERT INTO `t_schedule_job_log` VALUES (1134001080999161857, 1075657352257654785, 'testTask', 'test', '参数', 0, NULL, 1001, '2019-05-30 15:38:20');
INSERT INTO `t_schedule_job_log` VALUES (1134001118898892802, 1086176328410615809, 'testTask', 'test2', '', 0, NULL, 1, '2019-05-30 15:38:30');
INSERT INTO `t_schedule_job_log` VALUES (1134001120043937793, 1086176462716424193, 'testTask', 'test3', '测试', 0, NULL, 10005, '2019-05-30 15:38:20');
INSERT INTO `t_schedule_job_log` VALUES (1134001122778624002, 1075657352257654785, 'testTask', 'test', '参数', 0, NULL, 1001, '2019-05-30 15:38:30');
INSERT INTO `t_schedule_job_log` VALUES (1134001157188694017, 1086176462716424193, 'testTask', 'test3', '测试', 0, NULL, 9004, '2019-05-30 15:38:30');
INSERT INTO `t_schedule_job_log` VALUES (1134001162611929089, 1086176328410615809, 'testTask', 'test2', '', 0, NULL, 1, '2019-05-30 15:38:41');
INSERT INTO `t_schedule_job_log` VALUES (1134001164843298817, 1075657352257654785, 'testTask', 'test', '参数', 0, NULL, 1001, '2019-05-30 15:38:40');
INSERT INTO `t_schedule_job_log` VALUES (1134001203288289281, 1086176328410615809, 'testTask', 'test2', '', 0, NULL, 0, '2019-05-30 15:38:50');
INSERT INTO `t_schedule_job_log` VALUES (1134001205909729281, 1086176462716424193, 'testTask', 'test3', '测试', 0, NULL, 10003, '2019-05-30 15:38:41');
INSERT INTO `t_schedule_job_log` VALUES (1134001206786338817, 1075657352257654785, 'testTask', 'test', '参数', 0, NULL, 1001, '2019-05-30 15:38:50');
INSERT INTO `t_schedule_job_log` VALUES (1134001241406124033, 1086176462716424193, 'testTask', 'test3', '测试', 0, NULL, 9004, '2019-05-30 15:38:50');
INSERT INTO `t_schedule_job_log` VALUES (1134001245227134977, 1086176328410615809, 'testTask', 'test2', '', 0, NULL, 1, '2019-05-30 15:39:00');
INSERT INTO `t_schedule_job_log` VALUES (1134001248586772481, 1075657352257654785, 'testTask', 'test', '参数', 0, NULL, 1001, '2019-05-30 15:39:00');
INSERT INTO `t_schedule_job_log` VALUES (1134001275430318081, 1086176462716424193, 'testTask', 'test3', '测试', 0, NULL, 7003, '2019-05-30 15:39:00');
INSERT INTO `t_schedule_job_log` VALUES (1134001286528446465, 1086176328410615809, 'testTask', 'test2', '', 0, NULL, 1, '2019-05-30 15:39:10');
INSERT INTO `t_schedule_job_log` VALUES (1134001290508840961, 1075657352257654785, 'testTask', 'test', '参数', 0, NULL, 1001, '2019-05-30 15:39:10');
INSERT INTO `t_schedule_job_log` VALUES (1134001303720898562, 1086176462716424193, 'testTask', 'test3', '测试', 0, NULL, 4003, '2019-05-30 15:39:10');
INSERT INTO `t_schedule_job_log` VALUES (1134001329255821313, 1086176328410615809, 'testTask', 'test2', '', 0, NULL, 0, '2019-05-30 15:39:20');
INSERT INTO `t_schedule_job_log` VALUES (1134001332607070209, 1075657352257654785, 'testTask', 'test', '参数', 0, NULL, 1001, '2019-05-30 15:39:20');
INSERT INTO `t_schedule_job_log` VALUES (1134001367285575682, 1086176462716424193, 'testTask', 'test3', '测试', 0, NULL, 9004, '2019-05-30 15:39:20');
INSERT INTO `t_schedule_job_log` VALUES (1134001370607464450, 1086176328410615809, 'testTask', 'test2', '', 0, NULL, 0, '2019-05-30 15:39:30');
INSERT INTO `t_schedule_job_log` VALUES (1134001374587858946, 1075657352257654785, 'testTask', 'test', '参数', 0, NULL, 1001, '2019-05-30 15:39:30');
INSERT INTO `t_schedule_job_log` VALUES (1134001404782653442, 1086176462716424193, 'testTask', 'test3', '测试', 0, NULL, 8004, '2019-05-30 15:39:30');
INSERT INTO `t_schedule_job_log` VALUES (1134001413280313345, 1086176328410615809, 'testTask', 'test2', '', 0, NULL, 1, '2019-05-30 15:39:40');
INSERT INTO `t_schedule_job_log` VALUES (1134001416459595778, 1075657352257654785, 'testTask', 'test', '参数', 0, NULL, 1000, '2019-05-30 15:39:40');
INSERT INTO `t_schedule_job_log` VALUES (1134001451536560129, 1086176462716424193, 'testTask', 'test3', '测试', 0, NULL, 9005, '2019-05-30 15:39:40');
INSERT INTO `t_schedule_job_log` VALUES (1134001456221597697, 1086176328410615809, 'testTask', 'test2', '', 0, NULL, 2, '2019-05-30 15:39:51');
INSERT INTO `t_schedule_job_log` VALUES (1134001459509932034, 1075657352257654785, 'testTask', 'test', '参数', 0, NULL, 1001, '2019-05-30 15:39:50');
INSERT INTO `t_schedule_job_log` VALUES (1134001496654688258, 1086176328410615809, 'testTask', 'test2', '', 0, NULL, 0, '2019-05-30 15:40:00');
INSERT INTO `t_schedule_job_log` VALUES (1134001500320509954, 1075657352257654785, 'testTask', 'test', '参数', 0, NULL, 1000, '2019-05-30 15:40:00');
INSERT INTO `t_schedule_job_log` VALUES (1134001500622499842, 1086176462716424193, 'testTask', 'test3', '测试', 0, NULL, 10006, '2019-05-30 15:39:51');
INSERT INTO `t_schedule_job_log` VALUES (1134001538354458626, 1086176328410615809, 'testTask', 'test2', '', 0, NULL, 0, '2019-05-30 15:40:10');
INSERT INTO `t_schedule_job_log` VALUES (1134001539067490305, 1086176462716424193, 'testTask', 'test3', '测试', 0, NULL, 10004, '2019-05-30 15:40:00');
INSERT INTO `t_schedule_job_log` VALUES (1134001542250967041, 1075657352257654785, 'testTask', 'test', '参数', 0, NULL, 1001, '2019-05-30 15:40:10');
INSERT INTO `t_schedule_job_log` VALUES (1134001572651282433, 1086176462716424193, 'testTask', 'test3', '测试', 0, NULL, 8003, '2019-05-30 15:40:10');
INSERT INTO `t_schedule_job_log` VALUES (1134001581245411329, 1086176328410615809, 'testTask', 'test2', '', 0, NULL, 0, '2019-05-30 15:40:20');
INSERT INTO `t_schedule_job_log` VALUES (1134001584638603265, 1075657352257654785, 'testTask', 'test', '参数', 0, NULL, 1002, '2019-05-30 15:40:20');
INSERT INTO `t_schedule_job_log` VALUES (1134001615529652226, 1086176462716424193, 'testTask', 'test3', '测试', 0, NULL, 8005, '2019-05-30 15:40:21');
INSERT INTO `t_schedule_job_log` VALUES (1134001622202789890, 1086176328410615809, 'testTask', 'test2', '', 0, NULL, 1, '2019-05-30 15:40:30');
INSERT INTO `t_schedule_job_log` VALUES (1134001626065743874, 1075657352257654785, 'testTask', 'test', '参数', 0, NULL, 1002, '2019-05-30 15:40:30');
INSERT INTO `t_schedule_job_log` VALUES (1134001639634317314, 1086176462716424193, 'testTask', 'test3', '测试', 0, NULL, 4002, '2019-05-30 15:40:30');
INSERT INTO `t_schedule_job_log` VALUES (1134001665173434369, 1086176328410615809, 'testTask', 'test2', '', 0, NULL, 0, '2019-05-30 15:40:40');
INSERT INTO `t_schedule_job_log` VALUES (1134001668092669953, 1075657352257654785, 'testTask', 'test', '参数', 0, NULL, 1001, '2019-05-30 15:40:40');
INSERT INTO `t_schedule_job_log` VALUES (1134001707800145922, 1086176328410615809, 'testTask', 'test2', '', 0, NULL, 1, '2019-05-30 15:40:51');
INSERT INTO `t_schedule_job_log` VALUES (1134001707871449089, 1086176462716424193, 'testTask', 'test3', '测试', 0, NULL, 10006, '2019-05-30 15:40:41');
INSERT INTO `t_schedule_job_log` VALUES (1134001710740353025, 1075657352257654785, 'testTask', 'test', '参数', 0, NULL, 1001, '2019-05-30 15:40:50');
INSERT INTO `t_schedule_job_log` VALUES (1134001747230797825, 1086176462716424193, 'testTask', 'test3', '测试', 0, NULL, 9007, '2019-05-30 15:40:51');
INSERT INTO `t_schedule_job_log` VALUES (1134001747977383937, 1086176328410615809, 'testTask', 'test2', '', 0, NULL, 1, '2019-05-30 15:41:00');
INSERT INTO `t_schedule_job_log` VALUES (1134001751861309441, 1075657352257654785, 'testTask', 'test', '参数', 0, NULL, 1001, '2019-05-30 15:41:00');
INSERT INTO `t_schedule_job_log` VALUES (1134001790583123969, 1086176462716424193, 'testTask', 'test3', '测试', 0, NULL, 10007, '2019-05-30 15:41:00');
INSERT INTO `t_schedule_job_log` VALUES (1134001792462172161, 1086176328410615809, 'testTask', 'test2', '', 0, NULL, 1, '2019-05-30 15:41:11');
INSERT INTO `t_schedule_job_log` VALUES (1134001793900818434, 1075657352257654785, 'testTask', 'test', '参数', 0, NULL, 1001, '2019-05-30 15:41:10');
INSERT INTO `t_schedule_job_log` VALUES (1134001814037671938, 1086176462716424193, 'testTask', 'test3', '测试', 0, NULL, 5002, '2019-05-30 15:41:11');
INSERT INTO `t_schedule_job_log` VALUES (1134001831930572802, 1086176328410615809, 'testTask', 'test2', '', 0, NULL, 1, '2019-05-30 15:41:20');
INSERT INTO `t_schedule_job_log` VALUES (1134001835856441345, 1075657352257654785, 'testTask', 'test', '参数', 0, NULL, 1002, '2019-05-30 15:41:20');
INSERT INTO `t_schedule_job_log` VALUES (1134001874490175489, 1086176462716424193, 'testTask', 'test3', '测试', 0, NULL, 10005, '2019-05-30 15:41:20');
INSERT INTO `t_schedule_job_log` VALUES (1134001874523729921, 1086176328410615809, 'testTask', 'test2', '', 0, NULL, 0, '2019-05-30 15:41:30');
INSERT INTO `t_schedule_job_log` VALUES (1134001877816258562, 1075657352257654785, 'testTask', 'test', '参数', 0, NULL, 1001, '2019-05-30 15:41:30');
INSERT INTO `t_schedule_job_log` VALUES (1134001915678240770, 1086176328410615809, 'testTask', 'test2', '', 0, NULL, 0, '2019-05-30 15:41:40');
INSERT INTO `t_schedule_job_log` VALUES (1134001917326602241, 1086176462716424193, 'testTask', 'test3', '测试', 0, NULL, 10005, '2019-05-30 15:41:30');
INSERT INTO `t_schedule_job_log` VALUES (1134001919667023873, 1075657352257654785, 'testTask', 'test', '参数', 0, NULL, 1000, '2019-05-30 15:41:40');
INSERT INTO `t_schedule_job_log` VALUES (1134001953867378689, 1086176462716424193, 'testTask', 'test3', '测试', 0, NULL, 9006, '2019-05-30 15:41:40');
INSERT INTO `t_schedule_job_log` VALUES (1134001958200094721, 1086176328410615809, 'testTask', 'test2', '', 0, NULL, 1, '2019-05-30 15:41:50');
INSERT INTO `t_schedule_job_log` VALUES (1134001961597480961, 1075657352257654785, 'testTask', 'test', '参数', 0, NULL, 1002, '2019-05-30 15:41:50');
INSERT INTO `t_schedule_job_log` VALUES (1134001992631136257, 1086176462716424193, 'testTask', 'test3', '测试', 0, NULL, 8005, '2019-05-30 15:41:50');
INSERT INTO `t_schedule_job_log` VALUES (1134002000931663874, 1086176328410615809, 'testTask', 'test2', '', 0, NULL, 1, '2019-05-30 15:42:00');
INSERT INTO `t_schedule_job_log` VALUES (1134002003796373506, 1075657352257654785, 'testTask', 'test', '参数', 0, NULL, 1001, '2019-05-30 15:42:00');
INSERT INTO `t_schedule_job_log` VALUES (1134002041519943681, 1086176328410615809, 'testTask', 'test2', '', 0, NULL, 1, '2019-05-30 15:42:10');
INSERT INTO `t_schedule_job_log` VALUES (1134002043726147585, 1086176462716424193, 'testTask', 'test3', '测试', 0, NULL, 10004, '2019-05-30 15:42:01');
INSERT INTO `t_schedule_job_log` VALUES (1134002045546475522, 1075657352257654785, 'testTask', 'test', '参数', 0, NULL, 1001, '2019-05-30 15:42:10');
INSERT INTO `t_schedule_job_log` VALUES (1134002084121489410, 1086176462716424193, 'testTask', 'test3', '测试', 0, NULL, 10006, '2019-05-30 15:42:10');
INSERT INTO `t_schedule_job_log` VALUES (1134002084666748929, 1086176328410615809, 'testTask', 'test2', '', 0, NULL, 0, '2019-05-30 15:42:20');
INSERT INTO `t_schedule_job_log` VALUES (1134002087632121857, 1075657352257654785, 'testTask', 'test', '参数', 0, NULL, 1000, '2019-05-30 15:42:20');
INSERT INTO `t_schedule_job_log` VALUES (1134002114639245314, 1086176462716424193, 'testTask', 'test3', '测试', 0, NULL, 7004, '2019-05-30 15:42:21');
INSERT INTO `t_schedule_job_log` VALUES (1134002125615738881, 1086176328410615809, 'testTask', 'test2', '', 0, NULL, 1, '2019-05-30 15:42:30');
INSERT INTO `t_schedule_job_log` VALUES (1134002129361252353, 1075657352257654785, 'testTask', 'test', '参数', 0, NULL, 1001, '2019-05-30 15:42:30');
INSERT INTO `t_schedule_job_log` VALUES (1134002151242936322, 1086176462716424193, 'testTask', 'test3', '测试', 0, NULL, 6002, '2019-05-30 15:42:30');
INSERT INTO `t_schedule_job_log` VALUES (1134002167609110529, 1086176328410615809, 'testTask', 'test2', '', 0, NULL, 0, '2019-05-30 15:42:40');
INSERT INTO `t_schedule_job_log` VALUES (1134002171316875265, 1075657352257654785, 'testTask', 'test', '参数', 0, NULL, 1000, '2019-05-30 15:42:40');
INSERT INTO `t_schedule_job_log` VALUES (1134002210068049921, 1086176462716424193, 'testTask', 'test3', '测试', 0, NULL, 10006, '2019-05-30 15:42:40');
INSERT INTO `t_schedule_job_log` VALUES (1134002210416177154, 1086176328410615809, 'testTask', 'test2', '', 0, NULL, 1, '2019-05-30 15:42:50');
INSERT INTO `t_schedule_job_log` VALUES (1134002213272498177, 1075657352257654785, 'testTask', 'test', '参数', 0, NULL, 1001, '2019-05-30 15:42:50');
INSERT INTO `t_schedule_job_log` VALUES (1134002245094682626, 1086176462716424193, 'testTask', 'test3', '测试', 0, NULL, 8004, '2019-05-30 15:42:51');
INSERT INTO `t_schedule_job_log` VALUES (1134002251776208898, 1086176328410615809, 'testTask', 'test2', '', 0, NULL, 1, '2019-05-30 15:43:00');
INSERT INTO `t_schedule_job_log` VALUES (1134002255496556546, 1075657352257654785, 'testTask', 'test', '参数', 0, NULL, 1002, '2019-05-30 15:43:00');
INSERT INTO `t_schedule_job_log` VALUES (1134002293371121665, 1086176328410615809, 'testTask', 'test2', '', 0, NULL, 0, '2019-05-30 15:43:10');
INSERT INTO `t_schedule_job_log` VALUES (1134002294541332481, 1086176462716424193, 'testTask', 'test3', '测试', 0, NULL, 10004, '2019-05-30 15:43:00');
INSERT INTO `t_schedule_job_log` VALUES (1134002297158578178, 1075657352257654785, 'testTask', 'test', '参数', 0, NULL, 1001, '2019-05-30 15:43:10');
INSERT INTO `t_schedule_job_log` VALUES (1134002311113027585, 1086176462716424193, 'testTask', 'test3', '测试', 0, NULL, 4003, '2019-05-30 15:43:10');
INSERT INTO `t_schedule_job_log` VALUES (1134002335238664194, 1086176328410615809, 'testTask', 'test2', '', 0, NULL, 0, '2019-05-30 15:43:20');
INSERT INTO `t_schedule_job_log` VALUES (1134002339047092226, 1075657352257654785, 'testTask', 'test', '参数', 0, NULL, 1000, '2019-05-30 15:43:20');
INSERT INTO `t_schedule_job_log` VALUES (1134002361461452801, 1086176462716424193, 'testTask', 'test3', '测试', 0, NULL, 6002, '2019-05-30 15:43:20');
INSERT INTO `t_schedule_job_log` VALUES (1134002377232035841, 1086176328410615809, 'testTask', 'test2', '', 0, NULL, 0, '2019-05-30 15:43:30');
INSERT INTO `t_schedule_job_log` VALUES (1134002381040463874, 1075657352257654785, 'testTask', 'test', '参数', 0, NULL, 1001, '2019-05-30 15:43:30');
INSERT INTO `t_schedule_job_log` VALUES (1134002419753889793, 1086176462716424193, 'testTask', 'test3', '测试', 0, NULL, 10004, '2019-05-30 15:43:30');
INSERT INTO `t_schedule_job_log` VALUES (1134002420164931585, 1086176328410615809, 'testTask', 'test2', '', 0, NULL, 0, '2019-05-30 15:43:40');
INSERT INTO `t_schedule_job_log` VALUES (1134002423910445057, 1075657352257654785, 'testTask', 'test', '参数', 0, NULL, 1001, '2019-05-30 15:43:40');
INSERT INTO `t_schedule_job_log` VALUES (1134002437860700162, 1086176462716424193, 'testTask', 'test3', '测试', 0, NULL, 4001, '2019-05-30 15:43:41');
INSERT INTO `t_schedule_job_log` VALUES (1134002461315248129, 1086176328410615809, 'testTask', 'test2', '', 0, NULL, 1, '2019-05-30 15:43:50');
INSERT INTO `t_schedule_job_log` VALUES (1134002465035595777, 1075657352257654785, 'testTask', 'test', '参数', 0, NULL, 1000, '2019-05-30 15:43:50');
INSERT INTO `t_schedule_job_log` VALUES (1134002495175864321, 1086176462716424193, 'testTask', 'test3', '测试', 0, NULL, 8004, '2019-05-30 15:43:50');
INSERT INTO `t_schedule_job_log` VALUES (1134002503488974850, 1086176328410615809, 'testTask', 'test2', '', 0, NULL, 0, '2019-05-30 15:44:00');
INSERT INTO `t_schedule_job_log` VALUES (1134002507049938946, 1075657352257654785, 'testTask', 'test', '参数', 0, NULL, 1001, '2019-05-30 15:44:00');
INSERT INTO `t_schedule_job_log` VALUES (1134002537471225858, 1086176462716424193, 'testTask', 'test3', '测试', 0, NULL, 8004, '2019-05-30 15:44:00');
INSERT INTO `t_schedule_job_log` VALUES (1134002545104859137, 1086176328410615809, 'testTask', 'test2', '', 0, NULL, 1, '2019-05-30 15:44:10');
INSERT INTO `t_schedule_job_log` VALUES (1134002548879732738, 1075657352257654785, 'testTask', 'test', '参数', 0, NULL, 1002, '2019-05-30 15:44:10');
INSERT INTO `t_schedule_job_log` VALUES (1134002587098230786, 1086176328410615809, 'testTask', 'test2', '', 0, NULL, 0, '2019-05-30 15:44:20');
INSERT INTO `t_schedule_job_log` VALUES (1134002587270197250, 1086176462716424193, 'testTask', 'test3', '测试', 0, NULL, 10006, '2019-05-30 15:44:10');
INSERT INTO `t_schedule_job_log` VALUES (1134002590969573378, 1075657352257654785, 'testTask', 'test', '参数', 0, NULL, 1000, '2019-05-30 15:44:20');
INSERT INTO `t_schedule_job_log` VALUES (1134002617506934786, 1086176462716424193, 'testTask', 'test3', '测试', 0, NULL, 7005, '2019-05-30 15:44:20');
INSERT INTO `t_schedule_job_log` VALUES (1134002628806389762, 1086176328410615809, 'testTask', 'test2', '', 0, NULL, 1, '2019-05-30 15:44:30');
INSERT INTO `t_schedule_job_log` VALUES (1134002632681926657, 1075657352257654785, 'testTask', 'test', '参数', 0, NULL, 1001, '2019-05-30 15:44:30');
INSERT INTO `t_schedule_job_log` VALUES (1134002646074339330, 1086176462716424193, 'testTask', 'test3', '测试', 0, NULL, 4003, '2019-05-30 15:44:30');
INSERT INTO `t_schedule_job_log` VALUES (1134002670841704450, 1086176328410615809, 'testTask', 'test2', '', 0, NULL, 0, '2019-05-30 15:44:40');
INSERT INTO `t_schedule_job_log` VALUES (1134002674645938178, 1075657352257654785, 'testTask', 'test', '参数', 0, NULL, 1001, '2019-05-30 15:44:40');
INSERT INTO `t_schedule_job_log` VALUES (1134002692689833986, 1086176462716424193, 'testTask', 'test3', '测试', 0, NULL, 5004, '2019-05-30 15:44:40');
INSERT INTO `t_schedule_job_log` VALUES (1134002713061568513, 1086176328410615809, 'testTask', 'test2', '', 0, NULL, 0, '2019-05-30 15:44:50');
INSERT INTO `t_schedule_job_log` VALUES (1134002716689641474, 1075657352257654785, 'testTask', 'test', '参数', 0, NULL, 1002, '2019-05-30 15:44:50');
INSERT INTO `t_schedule_job_log` VALUES (1134002751707885570, 1086176462716424193, 'testTask', 'test3', '测试', 0, NULL, 9003, '2019-05-30 15:44:50');
INSERT INTO `t_schedule_job_log` VALUES (1134002754920722433, 1086176328410615809, 'testTask', 'test2', '', 0, NULL, 0, '2019-05-30 15:45:00');
INSERT INTO `t_schedule_job_log` VALUES (1134002758720761858, 1075657352257654785, 'testTask', 'test', '参数', 0, NULL, 1000, '2019-05-30 15:45:00');
INSERT INTO `t_schedule_job_log` VALUES (1134002793059528705, 1086176462716424193, 'testTask', 'test3', '测试', 0, NULL, 9005, '2019-05-30 15:45:00');
INSERT INTO `t_schedule_job_log` VALUES (1134002797207695361, 1086176328410615809, 'testTask', 'test2', '', 0, NULL, 1, '2019-05-30 15:45:10');
INSERT INTO `t_schedule_job_log` VALUES (1134002800454086658, 1075657352257654785, 'testTask', 'test', '参数', 0, NULL, 1001, '2019-05-30 15:45:10');
INSERT INTO `t_schedule_job_log` VALUES (1134002831122837505, 1086176462716424193, 'testTask', 'test3', '测试', 0, NULL, 8006, '2019-05-30 15:45:10');
INSERT INTO `t_schedule_job_log` VALUES (1134002838886494209, 1086176328410615809, 'testTask', 'test2', '', 0, NULL, 0, '2019-05-30 15:45:20');
INSERT INTO `t_schedule_job_log` VALUES (1134002842837528578, 1075657352257654785, 'testTask', 'test', '参数', 0, NULL, 1001, '2019-05-30 15:45:20');
INSERT INTO `t_schedule_job_log` VALUES (1134002877557977089, 1086176462716424193, 'testTask', 'test3', '测试', 0, NULL, 9004, '2019-05-30 15:45:20');
INSERT INTO `t_schedule_job_log` VALUES (1134002880531738626, 1086176328410615809, 'testTask', 'test2', '', 0, NULL, 1, '2019-05-30 15:45:30');
INSERT INTO `t_schedule_job_log` VALUES (1134002884331778049, 1075657352257654785, 'testTask', 'test', '参数', 0, NULL, 1001, '2019-05-30 15:45:30');
INSERT INTO `t_schedule_job_log` VALUES (1134002922890014722, 1086176328410615809, 'testTask', 'test2', '', 0, NULL, 0, '2019-05-30 15:45:40');
INSERT INTO `t_schedule_job_log` VALUES (1134002923250724866, 1086176462716424193, 'testTask', 'test3', '测试', 0, NULL, 10004, '2019-05-30 15:45:30');
INSERT INTO `t_schedule_job_log` VALUES (1134002926320955393, 1075657352257654785, 'testTask', 'test', '参数', 0, NULL, 1000, '2019-05-30 15:45:40');

-- ----------------------------
-- Table structure for t_sys_dic
-- ----------------------------
DROP TABLE IF EXISTS `t_sys_dic`;
CREATE TABLE `t_sys_dic`  (
  `id` bigint(19) NOT NULL AUTO_INCREMENT COMMENT '主键ID',
  `parent_id` bigint(19) NOT NULL COMMENT '父变量ID',
  `var_code` varchar(255) CHARACTER SET utf8 COLLATE utf8_general_ci NULL DEFAULT NULL COMMENT '变量代码',
  `var_name` varchar(255) CHARACTER SET utf8 COLLATE utf8_general_ci NULL DEFAULT NULL COMMENT '变量名称',
  `create_time` datetime(0) NULL DEFAULT NULL COMMENT '记录创建时间',
  `update_time` datetime(0) NULL DEFAULT NULL COMMENT '记录修改时间',
  `create_user` varchar(255) CHARACTER SET utf8 COLLATE utf8_general_ci NULL DEFAULT NULL COMMENT '记录创建者（用户）',
  `update_user` varchar(255) CHARACTER SET utf8 COLLATE utf8_general_ci NULL DEFAULT NULL COMMENT '记录最后修改者（用户）',
  `is_sync` tinyint(4) NULL DEFAULT NULL COMMENT '数据是否同步(0:是,1:否)',
  PRIMARY KEY (`id`) USING BTREE,
  INDEX `index_dic_code`(`var_code`) USING BTREE,
  INDEX `index_dic_name`(`var_name`) USING BTREE
) ENGINE = InnoDB AUTO_INCREMENT = 221 CHARACTER SET = utf8 COLLATE = utf8_general_ci COMMENT = '数据字典表' ROW_FORMAT = Dynamic;

-- ----------------------------
-- Records of t_sys_dic
-- ----------------------------
INSERT INTO `t_sys_dic` VALUES (9, 0, '2017052', '行业', '2018-05-07 20:27:53', '2018-06-14 19:19:12', 'admin', 'admin', NULL);
INSERT INTO `t_sys_dic` VALUES (16, 0, '20184049', '区域', '2018-05-07 20:28:52', '2018-05-07 20:28:54', 'admin', 'admin', NULL);
INSERT INTO `t_sys_dic` VALUES (59, 16, '2018059', '鄂城区', '2018-05-07 10:10:10', '2018-05-07 10:10:10', 'admin', 'admin', NULL);
INSERT INTO `t_sys_dic` VALUES (60, 16, '2018060', '华容区', '2018-05-07 10:10:10', '2018-05-07 10:10:10', 'admin', 'admin', NULL);
INSERT INTO `t_sys_dic` VALUES (61, 16, '2018061', '梁子湖区', '2018-05-07 10:10:10', '2018-05-07 10:10:10', 'admin', 'admin', NULL);
INSERT INTO `t_sys_dic` VALUES (62, 16, '2018062', '葛店经济开发区', '2018-05-07 10:10:10', '2018-05-07 10:10:10', 'admin', 'admin', NULL);
INSERT INTO `t_sys_dic` VALUES (63, 16, '2018063', '鄂州经济开发区', '2018-05-07 10:10:10', '2018-05-07 10:10:10', 'admin', 'admin', NULL);
INSERT INTO `t_sys_dic` VALUES (64, 16, '2018064', '凤凰街办', '2018-05-07 10:10:10', '2018-05-07 10:10:10', 'admin', 'admin', NULL);
INSERT INTO `t_sys_dic` VALUES (65, 16, '2018065', '古楼街办', '2018-05-07 10:10:10', '2018-05-07 10:10:10', 'admin', 'admin', NULL);
INSERT INTO `t_sys_dic` VALUES (66, 16, '2018066', '西山街办', '2018-05-07 10:10:10', '2018-05-07 10:10:10', 'admin', 'admin', NULL);
INSERT INTO `t_sys_dic` VALUES (67, 16, '2018067', '梧桐湖新区', '2018-05-07 10:10:10', '2018-05-07 10:10:10', 'admin', 'admin', NULL);
INSERT INTO `t_sys_dic` VALUES (68, 16, '2018068', '三江港新区', '2018-05-07 10:10:10', '2018-05-07 10:10:10', 'admin', 'admin', NULL);
INSERT INTO `t_sys_dic` VALUES (69, 16, '2018069', '红莲湖新区', '2018-05-07 10:10:10', '2018-05-07 10:10:10', 'admin', 'admin', NULL);
INSERT INTO `t_sys_dic` VALUES (70, 16, '2018070', '花湖经济开发区', '2018-05-07 10:10:10', '2018-05-07 10:10:10', 'admin', 'admin', NULL);
INSERT INTO `t_sys_dic` VALUES (71, 16, '2018071', '鄂城新区', '2018-05-07 10:10:10', '2018-05-07 10:10:10', 'admin', 'admin', NULL);
INSERT INTO `t_sys_dic` VALUES (85, 9, '2018085', '非煤矿山', '2018-05-07 10:10:10', '2018-05-07 10:10:10', 'admin', 'admin', NULL);
INSERT INTO `t_sys_dic` VALUES (86, 9, '2018086', '石油化工、烟花爆竹', '2018-05-07 10:10:10', '2018-05-07 10:10:10', 'admin', 'admin', NULL);
INSERT INTO `t_sys_dic` VALUES (87, 9, '2018087', '民爆物品', '2018-05-07 10:10:10', '2018-05-07 10:10:10', 'admin', 'admin', NULL);
INSERT INTO `t_sys_dic` VALUES (88, 9, '2018088', '城乡建设管理', '2018-05-07 10:10:10', '2018-05-07 10:10:10', 'admin', 'admin', NULL);
INSERT INTO `t_sys_dic` VALUES (89, 9, '2018089', '综合交通运输', '2018-05-07 10:10:10', '2018-05-07 10:10:10', 'admin', 'admin', NULL);
INSERT INTO `t_sys_dic` VALUES (90, 9, '2018090', '特种设备', '2018-05-07 10:10:10', '2018-05-07 10:10:10', 'admin', 'admin', NULL);
INSERT INTO `t_sys_dic` VALUES (91, 9, '2018091', '消防安全', '2018-05-07 10:10:10', '2018-05-07 10:10:10', 'admin', 'admin', NULL);
INSERT INTO `t_sys_dic` VALUES (92, 9, '2018092', '工业(含四大行业)', '2018-05-07 10:10:10', '2018-05-07 10:10:10', 'admin', 'admin', NULL);
INSERT INTO `t_sys_dic` VALUES (103, 9, '2018103', '油气运输管道', '2018-05-07 10:10:10', '2018-05-07 10:10:10', 'admin', 'admin', NULL);
INSERT INTO `t_sys_dic` VALUES (104, 9, '2018104', '校园(含校车)', '2018-05-07 10:10:10', '2018-05-07 10:10:10', 'admin', 'admin', NULL);
INSERT INTO `t_sys_dic` VALUES (105, 9, '2018105', '医疗卫生', '2018-05-07 10:10:10', '2018-05-07 10:10:10', 'admin', 'admin', NULL);
INSERT INTO `t_sys_dic` VALUES (106, 9, '2018106', '文体广电', '2018-05-07 10:10:10', '2018-05-07 10:10:10', 'admin', 'admin', NULL);
INSERT INTO `t_sys_dic` VALUES (107, 9, '2018107', '旅游', '2018-05-07 10:10:10', '2018-05-07 10:10:10', 'admin', 'admin', NULL);
INSERT INTO `t_sys_dic` VALUES (108, 9, '2018108', '商贸(含成品油)', '2018-05-07 10:10:10', '2018-05-07 10:10:10', 'admin', 'admin', NULL);
INSERT INTO `t_sys_dic` VALUES (109, 9, '2018109', '国土(含地质灾害)', '2018-05-07 10:10:10', '2018-05-07 10:10:10', 'admin', 'admin', NULL);
INSERT INTO `t_sys_dic` VALUES (110, 9, '2018110', '老旧危房(含社区物业)', '2018-05-07 10:10:10', '2018-05-07 10:10:10', 'admin', 'admin', NULL);
INSERT INTO `t_sys_dic` VALUES (111, 9, '2018111', '水利', '2018-05-07 10:10:10', '2018-05-07 10:10:10', 'admin', 'admin', NULL);
INSERT INTO `t_sys_dic` VALUES (112, 9, '2018112', '快递邮递', '2018-05-07 10:10:10', '2018-05-07 10:10:10', 'admin', 'admin', NULL);
INSERT INTO `t_sys_dic` VALUES (113, 9, '2018113', '民政、社会福利事业', '2018-05-07 10:10:10', '2018-05-07 10:10:10', 'admin', 'admin', NULL);
INSERT INTO `t_sys_dic` VALUES (114, 9, '2018114', '渔业', '2018-05-07 10:10:10', '2018-05-07 10:10:10', 'admin', 'admin', NULL);
INSERT INTO `t_sys_dic` VALUES (201, 86, '0101', '生产使用', '2018-05-09 10:46:32', '2018-05-09 10:46:32', 'admin', 'admin', NULL);
INSERT INTO `t_sys_dic` VALUES (203, 86, '0102', '经营存储', '2018-05-09 10:47:20', '2018-05-09 10:47:20', 'admin', 'admin', NULL);
INSERT INTO `t_sys_dic` VALUES (205, 86, '0103', '烟花爆竹', '2018-05-09 10:48:01', '2018-05-09 10:48:01', 'admin', 'admin', NULL);
INSERT INTO `t_sys_dic` VALUES (207, 86, '0104', '油库储存', '2018-05-09 10:48:25', '2018-05-09 10:48:25', 'admin', 'admin', NULL);
INSERT INTO `t_sys_dic` VALUES (209, 85, '0201', '露天矿山', '2018-05-09 10:48:51', '2018-05-09 10:48:51', 'admin', 'admin', NULL);
INSERT INTO `t_sys_dic` VALUES (211, 85, '0202', '地下矿山', '2018-05-09 10:49:27', '2018-05-09 10:49:27', 'admin', 'admin', NULL);
INSERT INTO `t_sys_dic` VALUES (212, 90, '0301', '大型游乐', '2018-05-09 16:16:07', '2018-05-09 16:16:10', NULL, NULL, NULL);
INSERT INTO `t_sys_dic` VALUES (213, 90, '0302', '专用车辆', '2018-05-09 16:16:38', '2018-05-09 16:16:41', NULL, NULL, NULL);
INSERT INTO `t_sys_dic` VALUES (214, 90, '0303', '电梯', '2018-05-09 16:17:01', '2018-05-09 16:17:03', NULL, NULL, NULL);
INSERT INTO `t_sys_dic` VALUES (215, 90, '0304', '工业管道', '2018-05-09 16:17:26', '2018-05-09 16:17:28', NULL, NULL, NULL);
INSERT INTO `t_sys_dic` VALUES (216, 90, '0305', '锅炉', '2018-05-09 16:17:53', '2018-05-09 16:17:55', NULL, NULL, NULL);
INSERT INTO `t_sys_dic` VALUES (217, 90, '0306', '客运索道', '2018-05-09 16:18:23', '2018-05-09 16:18:25', NULL, NULL, NULL);
INSERT INTO `t_sys_dic` VALUES (218, 90, '0307', '起重机械', '2018-05-09 16:18:53', '2018-05-09 16:18:55', NULL, NULL, NULL);
INSERT INTO `t_sys_dic` VALUES (219, 90, '0308', '气瓶充装站', '2018-05-09 16:19:23', '2018-05-09 16:19:25', NULL, NULL, NULL);
INSERT INTO `t_sys_dic` VALUES (220, 90, '0309', '压力容器', '2018-05-09 16:19:45', '2018-05-09 16:19:48', NULL, NULL, NULL);

-- ----------------------------
-- Table structure for t_sys_file
-- ----------------------------
DROP TABLE IF EXISTS `t_sys_file`;
CREATE TABLE `t_sys_file`  (
  `id` varchar(32) CHARACTER SET utf8 COLLATE utf8_general_ci NOT NULL,
  `table_id` varchar(60) CHARACTER SET utf8 COLLATE utf8_general_ci NULL DEFAULT NULL COMMENT '附件类型(哪个表的附件)',
  `record_id` varchar(32) CHARACTER SET utf8 COLLATE utf8_general_ci NULL DEFAULT NULL COMMENT '附件ID(哪个表的记录Id)',
  `attachment_group` varchar(20) CHARACTER SET utf8 COLLATE utf8_general_ci NULL DEFAULT NULL COMMENT '表的记录Id下的附件分组的组名',
  `attachment_name` varchar(60) CHARACTER SET utf8 COLLATE utf8_general_ci NULL DEFAULT NULL COMMENT '附件名称',
  `attachment_path` varchar(255) CHARACTER SET utf8 COLLATE utf8_general_ci NULL DEFAULT NULL COMMENT '附件路径',
  `attachment_type` tinyint(4) NULL DEFAULT NULL COMMENT '附件类型(0-word,1-excel,2-pdf,3-jpg,png,4-其他)',
  `save_type` tinyint(4) NULL DEFAULT NULL COMMENT '存储类型（0：本地存储，1:fastdfs）',
  `create_time` datetime(0) NULL DEFAULT NULL COMMENT '记录创建时间',
  `update_time` datetime(0) NULL DEFAULT NULL COMMENT '记录最后修改时间',
  `create_user` varchar(20) CHARACTER SET utf8 COLLATE utf8_general_ci NULL DEFAULT NULL COMMENT '记录创建者(用户)',
  `update_user` varchar(20) CHARACTER SET utf8 COLLATE utf8_general_ci NULL DEFAULT NULL COMMENT '记录最后修改者(用户)',
  `is_sync` tinyint(4) NULL DEFAULT NULL COMMENT '数据是否同步(0:是,1:否)',
  PRIMARY KEY (`id`) USING BTREE,
  INDEX `t_sys_file_table_id`(`table_id`) USING BTREE,
  INDEX `t_sys_file_rrecord_id`(`record_id`) USING BTREE
) ENGINE = InnoDB CHARACTER SET = utf8 COLLATE = utf8_general_ci COMMENT = '附件表' ROW_FORMAT = Dynamic;

-- ----------------------------
-- Table structure for t_sys_log
-- ----------------------------
DROP TABLE IF EXISTS `t_sys_log`;
CREATE TABLE `t_sys_log`  (
  `id` bigint(19) NOT NULL AUTO_INCREMENT COMMENT '主键id',
  `login_name` varchar(255) CHARACTER SET utf8 COLLATE utf8_general_ci NULL DEFAULT NULL COMMENT '登陆名',
  `role_name` varchar(255) CHARACTER SET utf8 COLLATE utf8_general_ci NULL DEFAULT NULL COMMENT '角色名',
  `type` tinyint(4) NULL DEFAULT NULL COMMENT '日志类型（0:系统日志，1：操作日志）',
  `operation` varchar(255) CHARACTER SET utf8 COLLATE utf8_general_ci NULL DEFAULT NULL COMMENT '用户操作',
  `class_name` varchar(1024) CHARACTER SET utf8 COLLATE utf8_general_ci NULL DEFAULT NULL COMMENT '类名',
  `method` varchar(1024) CHARACTER SET utf8 COLLATE utf8_general_ci NULL DEFAULT NULL COMMENT '请求方法',
  `params` varchar(1024) CHARACTER SET utf8 COLLATE utf8_general_ci NULL DEFAULT NULL COMMENT '请求参数',
  `time` bigint(19) NULL DEFAULT NULL COMMENT '执行时长',
  `client_ip` varchar(255) CHARACTER SET utf8 COLLATE utf8_general_ci NULL DEFAULT NULL COMMENT '客户端ip',
  `create_time` datetime(0) NOT NULL COMMENT '创建时间',
  PRIMARY KEY (`id`) USING BTREE
) ENGINE = InnoDB AUTO_INCREMENT = 539 CHARACTER SET = utf8 COLLATE = utf8_general_ci COMMENT = '系统日志表' ROW_FORMAT = Dynamic;

-- ----------------------------
-- Records of t_sys_log
-- ----------------------------
INSERT INTO `t_sys_log` VALUES (537, 'admin', 'admin', NULL, NULL, 'com.hdw.upms.controller.SysResourceController', 'list', NULL, 402, '0:0:0:0:0:0:0:1', '2019-05-30 15:40:59');
INSERT INTO `t_sys_log` VALUES (538, 'admin', 'admin', NULL, NULL, 'com.hdw.upms.controller.SysResourceController', 'list', NULL, 440, '0:0:0:0:0:0:0:1', '2019-05-30 15:42:04');

-- ----------------------------
-- Table structure for t_sys_resource
-- ----------------------------
DROP TABLE IF EXISTS `t_sys_resource`;
CREATE TABLE `t_sys_resource`  (
  `id` bigint(19) NOT NULL AUTO_INCREMENT COMMENT '主键',
  `parent_id` bigint(19) NULL DEFAULT NULL COMMENT '父级资源ID',
  `name` varchar(64) CHARACTER SET utf8 COLLATE utf8_general_ci NOT NULL COMMENT '资源名称',
  `url` varchar(100) CHARACTER SET utf8 COLLATE utf8_general_ci NULL DEFAULT NULL COMMENT '资源路径',
  `description` varchar(255) CHARACTER SET utf8 COLLATE utf8_general_ci NULL DEFAULT NULL COMMENT '资源介绍',
  `icon` varchar(32) CHARACTER SET utf8 COLLATE utf8_general_ci NULL DEFAULT NULL COMMENT '资源图标',
  `seq` tinyint(4) NOT NULL DEFAULT 0 COMMENT '排序',
  `resource_type` tinyint(4) NOT NULL DEFAULT 0 COMMENT '资源类别(0：菜单，1：按钮)',
  `status` tinyint(4) NOT NULL DEFAULT 0 COMMENT '状态(0：开，1：关）',
  `create_time` datetime(0) NULL DEFAULT NULL ON UPDATE CURRENT_TIMESTAMP(0) COMMENT '记录创建时间',
  `update_time` datetime(0) NULL DEFAULT NULL ON UPDATE CURRENT_TIMESTAMP(0) COMMENT '记录最后修改时间',
  `create_user` varchar(255) CHARACTER SET utf8 COLLATE utf8_general_ci NULL DEFAULT NULL COMMENT '记录创建用户',
  `update_user` varchar(255) CHARACTER SET utf8 COLLATE utf8_general_ci NULL DEFAULT NULL COMMENT '记录最后修改用户',
  PRIMARY KEY (`id`) USING BTREE
) ENGINE = InnoDB AUTO_INCREMENT = 269 CHARACTER SET = utf8 COLLATE = utf8_general_ci COMMENT = '资源表' ROW_FORMAT = Dynamic;

-- ----------------------------
-- Records of t_sys_resource
-- ----------------------------
INSERT INTO `t_sys_resource` VALUES (1, 0, '系统配置', '', '系统管理', 'config', 2, 0, 0, '2018-12-17 15:23:40', '2018-12-17 15:23:40', NULL, 'admin');
INSERT INTO `t_sys_resource` VALUES (11, 1, '资源管理', 'sys/menu', '资源管理', 'menu', 3, 1, 0, '2018-12-17 19:11:42', '2018-12-17 19:11:43', NULL, 'admin');
INSERT INTO `t_sys_resource` VALUES (12, 1, '角色管理', 'sys/role', '角色管理', 'role', 2, 1, 0, '2018-12-17 19:11:24', '2018-12-17 19:11:25', NULL, 'admin');
INSERT INTO `t_sys_resource` VALUES (13, 1, '用户管理', 'sys/user', '用户管理', 'admin', 1, 1, 0, '2018-12-17 19:11:13', '2018-12-17 19:11:14', NULL, 'admin');
INSERT INTO `t_sys_resource` VALUES (111, 11, '列表', 'sys/menu/list', '资源列表', '', 0, 2, 0, '2018-12-13 19:32:40', '2018-12-13 19:32:40', NULL, NULL);
INSERT INTO `t_sys_resource` VALUES (112, 11, '添加', 'sys/menu/save', '资源添加', '', 0, 2, 0, '2018-12-13 19:32:40', '2018-12-13 19:32:40', NULL, NULL);
INSERT INTO `t_sys_resource` VALUES (113, 11, '编辑', 'sys/menu/update', '资源编辑', '', 0, 2, 0, '2018-12-13 19:32:40', '2018-12-13 19:32:40', NULL, NULL);
INSERT INTO `t_sys_resource` VALUES (114, 11, '删除', 'sys/menu/delete', '资源删除', '', 0, 2, 0, '2018-12-13 19:32:40', '2018-12-13 19:32:40', NULL, NULL);
INSERT INTO `t_sys_resource` VALUES (115, 11, '选择', 'sys/menu/select', '菜单选择', NULL, 4, 2, 0, '2018-12-14 16:44:29', '2018-12-14 16:44:32', NULL, NULL);
INSERT INTO `t_sys_resource` VALUES (116, 11, '信息', 'sys/menu/info', '菜单信息', NULL, 5, 2, 0, '2018-12-14 16:45:04', '2018-12-14 16:45:06', NULL, NULL);
INSERT INTO `t_sys_resource` VALUES (121, 12, '列表', 'sys/role/list', '角色列表', '', 0, 2, 0, '2018-12-13 19:32:40', '2018-12-13 19:32:40', NULL, NULL);
INSERT INTO `t_sys_resource` VALUES (122, 12, '添加', 'sys/role/save', '角色添加', '', 0, 2, 0, '2018-12-13 19:32:40', '2018-12-13 19:32:40', NULL, NULL);
INSERT INTO `t_sys_resource` VALUES (123, 12, '编辑', 'sys/role/update', '角色编辑', '', 0, 2, 0, '2018-12-13 19:32:40', '2018-12-13 19:32:40', NULL, NULL);
INSERT INTO `t_sys_resource` VALUES (124, 12, '删除', 'sys/role/delete', '角色删除', '', 0, 2, 0, '2018-12-13 19:32:40', '2018-12-13 19:32:40', NULL, NULL);
INSERT INTO `t_sys_resource` VALUES (125, 12, '选择', 'sys/role/select', '角色选择', NULL, 5, 2, 0, '2018-12-14 13:52:39', '2018-12-14 13:52:42', NULL, NULL);
INSERT INTO `t_sys_resource` VALUES (126, 12, '信息', 'sys/role/info', '角色信息', NULL, 6, 2, 0, '2018-12-14 14:32:15', '2018-12-14 14:32:15', NULL, NULL);
INSERT INTO `t_sys_resource` VALUES (131, 13, '列表', 'sys/user/list', '用户列表', '', 1, 2, 0, '2018-12-13 19:32:40', '2018-12-13 19:32:40', NULL, NULL);
INSERT INTO `t_sys_resource` VALUES (132, 13, '添加', 'sys/user/save', '用户添加', '', 2, 2, 0, '2018-12-13 19:32:40', '2018-12-13 19:32:40', NULL, NULL);
INSERT INTO `t_sys_resource` VALUES (133, 13, '编辑', 'sys/user/update', '用户编辑', '', 3, 2, 0, '2018-12-13 19:32:40', '2018-12-13 19:32:40', NULL, NULL);
INSERT INTO `t_sys_resource` VALUES (134, 13, '删除', 'sys/user/delete', '用户删除', '', 4, 2, 0, '2018-12-13 19:32:40', '2018-12-13 19:32:40', NULL, NULL);
INSERT INTO `t_sys_resource` VALUES (135, 13, '信息', 'sys/user/info', '用户信息', NULL, 5, 2, 0, '2018-12-14 14:05:39', '2018-12-14 14:05:41', NULL, NULL);
INSERT INTO `t_sys_resource` VALUES (227, 1, '操作日志', 'sys/log', '操作日志', 'log', 29, 1, 0, '2018-12-15 19:36:23', '2018-12-15 19:36:23', NULL, 'admin');
INSERT INTO `t_sys_resource` VALUES (228, 1, 'Druid监控', 'http://localhost:8281/druid', 'Druid监控', 'sql', 30, 1, 0, '2019-01-18 16:23:10', '2019-01-18 16:23:11', NULL, 'admin');
INSERT INTO `t_sys_resource` VALUES (234, 1, '字典管理', 'sys/dic', '字典管理', 'menu', 4, 1, 0, '2018-12-17 19:12:03', '2018-12-17 19:12:04', NULL, 'admin');
INSERT INTO `t_sys_resource` VALUES (235, 234, '数据字典列表', 'sys/dic/list', '数据字典列表', '', 0, 2, 0, '2018-12-13 19:37:23', '2018-12-13 19:37:23', NULL, NULL);
INSERT INTO `t_sys_resource` VALUES (236, 234, '添加', 'sys/dic/save', '数据字典添加', '', 1, 2, 0, '2018-12-13 19:37:03', '2018-12-13 19:37:03', NULL, NULL);
INSERT INTO `t_sys_resource` VALUES (237, 234, '编辑', 'sys/dic/update', '数据字典编辑', '', 2, 2, 0, '2018-12-13 19:32:40', '2018-12-13 19:32:40', NULL, NULL);
INSERT INTO `t_sys_resource` VALUES (238, 234, '删除', 'sys/dic/delete', '数据字典删除', '', 3, 2, 0, '2018-12-13 19:32:40', '2018-12-13 19:32:40', NULL, NULL);
INSERT INTO `t_sys_resource` VALUES (239, 1, '定时任务', 'sys/schedule', NULL, 'job', 5, 1, 0, '2018-12-15 19:10:38', NULL, 'admin', NULL);
INSERT INTO `t_sys_resource` VALUES (240, 239, '列表', 'sys/schedule/list', NULL, '', 1, 2, 0, '2018-12-15 19:15:10', NULL, 'admin', NULL);
INSERT INTO `t_sys_resource` VALUES (241, 239, '添加', 'sys/schedule/save', NULL, '', 2, 2, 0, '2018-12-15 19:16:20', NULL, 'admin', NULL);
INSERT INTO `t_sys_resource` VALUES (242, 239, '编辑', 'sys/schedule/update', '定时任务编辑', '', 3, 2, 0, '2018-12-15 19:22:18', NULL, 'admin', NULL);
INSERT INTO `t_sys_resource` VALUES (243, 239, '删除', 'sys/schedule/delete', '定时任务删除', '', 4, 2, 0, '2018-12-15 19:23:09', NULL, 'admin', NULL);
INSERT INTO `t_sys_resource` VALUES (244, 239, '信息', 'sys/schedule/info', '定时任务信息', '', 5, 2, 0, '2018-12-15 19:23:33', NULL, 'admin', NULL);
INSERT INTO `t_sys_resource` VALUES (245, 239, '暂停', 'sys/schedule/pause', '定时任务暂停', '', 6, 2, 0, '2018-12-15 19:25:39', NULL, 'admin', NULL);
INSERT INTO `t_sys_resource` VALUES (246, 239, '恢复', 'sys/schedule/resume', '定时任务恢复', '', 7, 2, 0, '2018-12-15 19:26:19', NULL, 'admin', NULL);
INSERT INTO `t_sys_resource` VALUES (247, 239, '立即执行', 'sys/schedule/run', '定时任务立即执行', '', 8, 2, 0, '2018-12-15 19:27:46', NULL, 'admin', NULL);
INSERT INTO `t_sys_resource` VALUES (248, 239, '日志', 'sys/schedule/log', '定时任务日志', '', 9, 2, 0, '2018-12-15 19:28:40', NULL, 'admin', NULL);
INSERT INTO `t_sys_resource` VALUES (249, 0, '企业管理', '', '企业管理', 'menu', 1, 0, 0, '2018-12-17 15:23:12', NULL, 'admin', NULL);
INSERT INTO `t_sys_resource` VALUES (250, 249, '企业信息', 'enterprise/enterprise', '企业信息', 'menu', 1, 1, 0, '2018-12-17 15:25:18', NULL, 'admin', NULL);
INSERT INTO `t_sys_resource` VALUES (251, 250, '列表', 'enterprise/enterprise/list', '列表', '', 1, 2, 0, '2018-12-17 15:25:59', NULL, 'admin', NULL);
INSERT INTO `t_sys_resource` VALUES (252, 250, '添加', 'enterprise/enterprise/save', '添加', '', 2, 2, 0, '2018-12-17 15:26:34', NULL, 'admin', NULL);
INSERT INTO `t_sys_resource` VALUES (253, 250, '编辑', 'enterprise/enterprise/update', '编辑', '', 3, 2, 0, '2018-12-17 15:27:14', NULL, 'admin', NULL);
INSERT INTO `t_sys_resource` VALUES (254, 250, '删除', 'enterprise/enterprise/delete', '删除', '', 4, 2, 0, '2018-12-17 15:27:35', NULL, 'admin', NULL);
INSERT INTO `t_sys_resource` VALUES (255, 250, '信息', 'enterprise/enterprise/info', '信息', '', 5, 2, 0, '2018-12-17 15:28:04', NULL, 'admin', NULL);
INSERT INTO `t_sys_resource` VALUES (256, 1, '企业部门管理', 'enterprise/enterpriseDepartment', '企业部门管理', 'menu', 6, 1, 0, '2018-12-17 15:30:15', NULL, 'admin', NULL);
INSERT INTO `t_sys_resource` VALUES (257, 1, '企业职务管理', 'enterprise/enterpriseJob', '企业职务管理', 'menu', 7, 1, 0, '2018-12-17 15:30:45', NULL, 'admin', NULL);
INSERT INTO `t_sys_resource` VALUES (258, 256, '列表', 'enterprise/enterpriseDepartment/list', '企业部门列表', '', 1, 2, 0, '2018-12-17 19:05:51', NULL, 'admin', NULL);
INSERT INTO `t_sys_resource` VALUES (259, 256, '添加', 'enterprise/enterpriseDepartment/save', '企业部门添加', '', 2, 2, 0, '2018-12-17 19:06:09', NULL, 'admin', NULL);
INSERT INTO `t_sys_resource` VALUES (260, 256, '编辑', 'enterprise/enterpriseDepartment/update', '企业部门编辑', '', 3, 2, 0, '2018-12-17 19:06:34', NULL, 'admin', NULL);
INSERT INTO `t_sys_resource` VALUES (261, 256, '删除', 'enterprise/enterpriseDepartment/delete', '企业部门删除', '', 4, 2, 0, '2018-12-17 19:07:01', NULL, 'admin', NULL);
INSERT INTO `t_sys_resource` VALUES (262, 256, '信息', 'enterprise/enterpriseDepartment/info', '企业部门信息', '', 5, 2, 0, '2018-12-17 19:07:24', NULL, 'admin', NULL);
INSERT INTO `t_sys_resource` VALUES (263, 257, '列表', 'enterprise/enterpriseJob/list', '企业职务', '', 1, 2, 0, '2018-12-17 19:10:45', '2018-12-17 19:10:46', 'admin', 'admin');
INSERT INTO `t_sys_resource` VALUES (264, 257, '添加', 'enterprise/enterpriseJob/save', '企业职务添加', '', 2, 2, 0, '2018-12-17 19:08:53', NULL, 'admin', NULL);
INSERT INTO `t_sys_resource` VALUES (265, 257, '编辑', 'enterprise/enterpriseJob/update', '企业职务编辑', '', 3, 2, 0, '2018-12-17 19:09:20', NULL, 'admin', NULL);
INSERT INTO `t_sys_resource` VALUES (266, 257, '删除', 'enterprise/enterpriseJob/delete', '企业职务删除', '', 4, 2, 0, '2018-12-17 19:09:48', NULL, 'admin', NULL);
INSERT INTO `t_sys_resource` VALUES (267, 257, '信息', 'enterprise/enterpriseJob/info', '企业职务信息', '', 5, 2, 0, '2018-12-17 19:10:15', NULL, 'admin', NULL);
INSERT INTO `t_sys_resource` VALUES (268, 1, 'API接口', 'http://localhost:8281/swagger-ui.html', 'API接口', 'config', 31, 1, 0, '2019-01-18 16:24:28', NULL, 'admin', NULL);

-- ----------------------------
-- Table structure for t_sys_role
-- ----------------------------
DROP TABLE IF EXISTS `t_sys_role`;
CREATE TABLE `t_sys_role`  (
  `id` bigint(19) NOT NULL AUTO_INCREMENT COMMENT '主键id',
  `name` varchar(64) CHARACTER SET utf8 COLLATE utf8_general_ci NOT NULL COMMENT '角色名',
  `seq` tinyint(2) NOT NULL DEFAULT 0 COMMENT '排序号',
  `description` varchar(255) CHARACTER SET utf8 COLLATE utf8_general_ci NULL DEFAULT NULL COMMENT '简介',
  `status` tinyint(2) NOT NULL DEFAULT 0 COMMENT '状态(0：开启，1：关闭)',
  `create_time` datetime(0) NOT NULL ON UPDATE CURRENT_TIMESTAMP(0) COMMENT '记录创建时间',
  `update_time` datetime(0) NOT NULL ON UPDATE CURRENT_TIMESTAMP(0) COMMENT '记录最后修改时间',
  `create_user_id` bigint(19) NULL DEFAULT NULL COMMENT '记录创建者ID',
  PRIMARY KEY (`id`) USING BTREE
) ENGINE = InnoDB AUTO_INCREMENT = 7 CHARACTER SET = utf8 COLLATE = utf8_general_ci COMMENT = '角色表' ROW_FORMAT = Dynamic;

-- ----------------------------
-- Records of t_sys_role
-- ----------------------------
INSERT INTO `t_sys_role` VALUES (1, 'admin', 1, '超级管理员', 0, '2019-01-18 16:24:41', '2019-01-18 16:24:41', 1);
INSERT INTO `t_sys_role` VALUES (2, '应用管理员', 2, '应用管理员', 0, '2018-12-19 16:27:34', '2018-12-19 16:27:35', 1);
INSERT INTO `t_sys_role` VALUES (3, '安全管理', 3, '安全管理', 0, '2018-12-19 20:20:44', '2018-12-19 20:20:45', 1);
INSERT INTO `t_sys_role` VALUES (4, '安全专业人员', 4, '安全专业人员', 0, '2018-12-14 14:58:20', '2018-12-14 14:58:20', 1);
INSERT INTO `t_sys_role` VALUES (5, '安检岗位', 5, '安检岗位', 0, '2018-12-14 14:58:22', '2018-12-14 14:58:22', 1);
INSERT INTO `t_sys_role` VALUES (6, '岗位人员', 6, '岗位人员', 0, '2018-12-14 14:58:24', '2018-12-14 14:58:24', 1);

-- ----------------------------
-- Table structure for t_sys_role_resource
-- ----------------------------
DROP TABLE IF EXISTS `t_sys_role_resource`;
CREATE TABLE `t_sys_role_resource`  (
  `id` bigint(19) NOT NULL AUTO_INCREMENT COMMENT '主键id',
  `role_id` bigint(19) NOT NULL COMMENT '角色id',
  `resource_id` bigint(19) NOT NULL COMMENT '资源id',
  PRIMARY KEY (`id`) USING BTREE,
  INDEX `idx_role_resource_ids`(`role_id`, `resource_id`) USING BTREE
) ENGINE = InnoDB AUTO_INCREMENT = 89217 CHARACTER SET = utf8 COLLATE = utf8_general_ci COMMENT = '角色资源表' ROW_FORMAT = Dynamic;

-- ----------------------------
-- Records of t_sys_role_resource
-- ----------------------------
INSERT INTO `t_sys_role_resource` VALUES (89166, 1, 1);
INSERT INTO `t_sys_role_resource` VALUES (89180, 1, 11);
INSERT INTO `t_sys_role_resource` VALUES (89173, 1, 12);
INSERT INTO `t_sys_role_resource` VALUES (89167, 1, 13);
INSERT INTO `t_sys_role_resource` VALUES (89181, 1, 111);
INSERT INTO `t_sys_role_resource` VALUES (89182, 1, 112);
INSERT INTO `t_sys_role_resource` VALUES (89183, 1, 113);
INSERT INTO `t_sys_role_resource` VALUES (89184, 1, 114);
INSERT INTO `t_sys_role_resource` VALUES (89185, 1, 115);
INSERT INTO `t_sys_role_resource` VALUES (89186, 1, 116);
INSERT INTO `t_sys_role_resource` VALUES (89174, 1, 121);
INSERT INTO `t_sys_role_resource` VALUES (89175, 1, 122);
INSERT INTO `t_sys_role_resource` VALUES (89176, 1, 123);
INSERT INTO `t_sys_role_resource` VALUES (89177, 1, 124);
INSERT INTO `t_sys_role_resource` VALUES (89178, 1, 125);
INSERT INTO `t_sys_role_resource` VALUES (89179, 1, 126);
INSERT INTO `t_sys_role_resource` VALUES (89168, 1, 131);
INSERT INTO `t_sys_role_resource` VALUES (89169, 1, 132);
INSERT INTO `t_sys_role_resource` VALUES (89170, 1, 133);
INSERT INTO `t_sys_role_resource` VALUES (89171, 1, 134);
INSERT INTO `t_sys_role_resource` VALUES (89172, 1, 135);
INSERT INTO `t_sys_role_resource` VALUES (89214, 1, 227);
INSERT INTO `t_sys_role_resource` VALUES (89215, 1, 228);
INSERT INTO `t_sys_role_resource` VALUES (89187, 1, 234);
INSERT INTO `t_sys_role_resource` VALUES (89188, 1, 235);
INSERT INTO `t_sys_role_resource` VALUES (89189, 1, 236);
INSERT INTO `t_sys_role_resource` VALUES (89190, 1, 237);
INSERT INTO `t_sys_role_resource` VALUES (89191, 1, 238);
INSERT INTO `t_sys_role_resource` VALUES (89192, 1, 239);
INSERT INTO `t_sys_role_resource` VALUES (89193, 1, 240);
INSERT INTO `t_sys_role_resource` VALUES (89194, 1, 241);
INSERT INTO `t_sys_role_resource` VALUES (89195, 1, 242);
INSERT INTO `t_sys_role_resource` VALUES (89196, 1, 243);
INSERT INTO `t_sys_role_resource` VALUES (89197, 1, 244);
INSERT INTO `t_sys_role_resource` VALUES (89198, 1, 245);
INSERT INTO `t_sys_role_resource` VALUES (89199, 1, 246);
INSERT INTO `t_sys_role_resource` VALUES (89200, 1, 247);
INSERT INTO `t_sys_role_resource` VALUES (89201, 1, 248);
INSERT INTO `t_sys_role_resource` VALUES (89159, 1, 249);
INSERT INTO `t_sys_role_resource` VALUES (89160, 1, 250);
INSERT INTO `t_sys_role_resource` VALUES (89161, 1, 251);
INSERT INTO `t_sys_role_resource` VALUES (89162, 1, 252);
INSERT INTO `t_sys_role_resource` VALUES (89163, 1, 253);
INSERT INTO `t_sys_role_resource` VALUES (89164, 1, 254);
INSERT INTO `t_sys_role_resource` VALUES (89165, 1, 255);
INSERT INTO `t_sys_role_resource` VALUES (89202, 1, 256);
INSERT INTO `t_sys_role_resource` VALUES (89208, 1, 257);
INSERT INTO `t_sys_role_resource` VALUES (89203, 1, 258);
INSERT INTO `t_sys_role_resource` VALUES (89204, 1, 259);
INSERT INTO `t_sys_role_resource` VALUES (89205, 1, 260);
INSERT INTO `t_sys_role_resource` VALUES (89206, 1, 261);
INSERT INTO `t_sys_role_resource` VALUES (89207, 1, 262);
INSERT INTO `t_sys_role_resource` VALUES (89209, 1, 263);
INSERT INTO `t_sys_role_resource` VALUES (89210, 1, 264);
INSERT INTO `t_sys_role_resource` VALUES (89211, 1, 265);
INSERT INTO `t_sys_role_resource` VALUES (89212, 1, 266);
INSERT INTO `t_sys_role_resource` VALUES (89213, 1, 267);
INSERT INTO `t_sys_role_resource` VALUES (89216, 1, 268);
INSERT INTO `t_sys_role_resource` VALUES (88803, 2, 11);
INSERT INTO `t_sys_role_resource` VALUES (88796, 2, 12);
INSERT INTO `t_sys_role_resource` VALUES (88790, 2, 13);
INSERT INTO `t_sys_role_resource` VALUES (88804, 2, 111);
INSERT INTO `t_sys_role_resource` VALUES (88805, 2, 112);
INSERT INTO `t_sys_role_resource` VALUES (88806, 2, 113);
INSERT INTO `t_sys_role_resource` VALUES (88807, 2, 114);
INSERT INTO `t_sys_role_resource` VALUES (88808, 2, 115);
INSERT INTO `t_sys_role_resource` VALUES (88809, 2, 116);
INSERT INTO `t_sys_role_resource` VALUES (88797, 2, 121);
INSERT INTO `t_sys_role_resource` VALUES (88798, 2, 122);
INSERT INTO `t_sys_role_resource` VALUES (88799, 2, 123);
INSERT INTO `t_sys_role_resource` VALUES (88800, 2, 124);
INSERT INTO `t_sys_role_resource` VALUES (88801, 2, 125);
INSERT INTO `t_sys_role_resource` VALUES (88802, 2, 126);
INSERT INTO `t_sys_role_resource` VALUES (88791, 2, 131);
INSERT INTO `t_sys_role_resource` VALUES (88792, 2, 132);
INSERT INTO `t_sys_role_resource` VALUES (88793, 2, 133);
INSERT INTO `t_sys_role_resource` VALUES (88794, 2, 134);
INSERT INTO `t_sys_role_resource` VALUES (88795, 2, 135);
INSERT INTO `t_sys_role_resource` VALUES (88832, 2, 227);
INSERT INTO `t_sys_role_resource` VALUES (88833, 2, 228);
INSERT INTO `t_sys_role_resource` VALUES (88810, 2, 234);
INSERT INTO `t_sys_role_resource` VALUES (88811, 2, 235);
INSERT INTO `t_sys_role_resource` VALUES (88812, 2, 236);
INSERT INTO `t_sys_role_resource` VALUES (88813, 2, 237);
INSERT INTO `t_sys_role_resource` VALUES (88814, 2, 238);
INSERT INTO `t_sys_role_resource` VALUES (88815, 2, 239);
INSERT INTO `t_sys_role_resource` VALUES (88816, 2, 240);
INSERT INTO `t_sys_role_resource` VALUES (88817, 2, 241);
INSERT INTO `t_sys_role_resource` VALUES (88818, 2, 242);
INSERT INTO `t_sys_role_resource` VALUES (88819, 2, 243);
INSERT INTO `t_sys_role_resource` VALUES (88820, 2, 244);
INSERT INTO `t_sys_role_resource` VALUES (88821, 2, 245);
INSERT INTO `t_sys_role_resource` VALUES (88822, 2, 246);
INSERT INTO `t_sys_role_resource` VALUES (88823, 2, 247);
INSERT INTO `t_sys_role_resource` VALUES (88824, 2, 248);
INSERT INTO `t_sys_role_resource` VALUES (88783, 2, 249);
INSERT INTO `t_sys_role_resource` VALUES (88784, 2, 250);
INSERT INTO `t_sys_role_resource` VALUES (88785, 2, 251);
INSERT INTO `t_sys_role_resource` VALUES (88786, 2, 252);
INSERT INTO `t_sys_role_resource` VALUES (88787, 2, 253);
INSERT INTO `t_sys_role_resource` VALUES (88788, 2, 254);
INSERT INTO `t_sys_role_resource` VALUES (88789, 2, 255);
INSERT INTO `t_sys_role_resource` VALUES (88825, 2, 256);
INSERT INTO `t_sys_role_resource` VALUES (88826, 2, 258);
INSERT INTO `t_sys_role_resource` VALUES (88827, 2, 259);
INSERT INTO `t_sys_role_resource` VALUES (88828, 2, 260);
INSERT INTO `t_sys_role_resource` VALUES (88829, 2, 261);
INSERT INTO `t_sys_role_resource` VALUES (88830, 2, 262);
INSERT INTO `t_sys_role_resource` VALUES (88831, 2, 263);
INSERT INTO `t_sys_role_resource` VALUES (89157, 3, 1);
INSERT INTO `t_sys_role_resource` VALUES (89121, 3, 11);
INSERT INTO `t_sys_role_resource` VALUES (89114, 3, 12);
INSERT INTO `t_sys_role_resource` VALUES (89108, 3, 13);
INSERT INTO `t_sys_role_resource` VALUES (89122, 3, 111);
INSERT INTO `t_sys_role_resource` VALUES (89123, 3, 112);
INSERT INTO `t_sys_role_resource` VALUES (89124, 3, 113);
INSERT INTO `t_sys_role_resource` VALUES (89125, 3, 114);
INSERT INTO `t_sys_role_resource` VALUES (89126, 3, 115);
INSERT INTO `t_sys_role_resource` VALUES (89127, 3, 116);
INSERT INTO `t_sys_role_resource` VALUES (89115, 3, 121);
INSERT INTO `t_sys_role_resource` VALUES (89116, 3, 122);
INSERT INTO `t_sys_role_resource` VALUES (89117, 3, 123);
INSERT INTO `t_sys_role_resource` VALUES (89118, 3, 124);
INSERT INTO `t_sys_role_resource` VALUES (89119, 3, 125);
INSERT INTO `t_sys_role_resource` VALUES (89120, 3, 126);
INSERT INTO `t_sys_role_resource` VALUES (89109, 3, 131);
INSERT INTO `t_sys_role_resource` VALUES (89110, 3, 132);
INSERT INTO `t_sys_role_resource` VALUES (89111, 3, 133);
INSERT INTO `t_sys_role_resource` VALUES (89112, 3, 134);
INSERT INTO `t_sys_role_resource` VALUES (89113, 3, 135);
INSERT INTO `t_sys_role_resource` VALUES (89153, 3, 227);
INSERT INTO `t_sys_role_resource` VALUES (89154, 3, 228);
INSERT INTO `t_sys_role_resource` VALUES (89128, 3, 234);
INSERT INTO `t_sys_role_resource` VALUES (89129, 3, 235);
INSERT INTO `t_sys_role_resource` VALUES (89130, 3, 236);
INSERT INTO `t_sys_role_resource` VALUES (89131, 3, 237);
INSERT INTO `t_sys_role_resource` VALUES (89132, 3, 238);
INSERT INTO `t_sys_role_resource` VALUES (89133, 3, 239);
INSERT INTO `t_sys_role_resource` VALUES (89134, 3, 240);
INSERT INTO `t_sys_role_resource` VALUES (89135, 3, 241);
INSERT INTO `t_sys_role_resource` VALUES (89136, 3, 242);
INSERT INTO `t_sys_role_resource` VALUES (89137, 3, 243);
INSERT INTO `t_sys_role_resource` VALUES (89138, 3, 244);
INSERT INTO `t_sys_role_resource` VALUES (89139, 3, 245);
INSERT INTO `t_sys_role_resource` VALUES (89140, 3, 246);
INSERT INTO `t_sys_role_resource` VALUES (89141, 3, 247);
INSERT INTO `t_sys_role_resource` VALUES (89142, 3, 248);
INSERT INTO `t_sys_role_resource` VALUES (89155, 3, 249);
INSERT INTO `t_sys_role_resource` VALUES (89156, 3, 250);
INSERT INTO `t_sys_role_resource` VALUES (89104, 3, 251);
INSERT INTO `t_sys_role_resource` VALUES (89105, 3, 252);
INSERT INTO `t_sys_role_resource` VALUES (89106, 3, 253);
INSERT INTO `t_sys_role_resource` VALUES (89107, 3, 254);
INSERT INTO `t_sys_role_resource` VALUES (89143, 3, 256);
INSERT INTO `t_sys_role_resource` VALUES (89158, 3, 257);
INSERT INTO `t_sys_role_resource` VALUES (89144, 3, 258);
INSERT INTO `t_sys_role_resource` VALUES (89145, 3, 259);
INSERT INTO `t_sys_role_resource` VALUES (89146, 3, 260);
INSERT INTO `t_sys_role_resource` VALUES (89147, 3, 261);
INSERT INTO `t_sys_role_resource` VALUES (89148, 3, 262);
INSERT INTO `t_sys_role_resource` VALUES (89149, 3, 263);
INSERT INTO `t_sys_role_resource` VALUES (89150, 3, 264);
INSERT INTO `t_sys_role_resource` VALUES (89151, 3, 265);
INSERT INTO `t_sys_role_resource` VALUES (89152, 3, 266);

-- ----------------------------
-- Table structure for t_sys_user
-- ----------------------------
DROP TABLE IF EXISTS `t_sys_user`;
CREATE TABLE `t_sys_user`  (
  `id` bigint(19) NOT NULL AUTO_INCREMENT COMMENT '主键id',
  `login_name` varchar(64) CHARACTER SET utf8 COLLATE utf8_general_ci NOT NULL COMMENT '登陆名',
  `name` varchar(64) CHARACTER SET utf8 COLLATE utf8_general_ci NOT NULL COMMENT '用户名',
  `password` varchar(64) CHARACTER SET utf8 COLLATE utf8_general_ci NOT NULL COMMENT '密码',
  `salt` varchar(36) CHARACTER SET utf8 COLLATE utf8_general_ci NULL DEFAULT NULL COMMENT '密码加密盐',
  `sex` tinyint(4) NOT NULL DEFAULT 0 COMMENT '性别(0:男，1：女)',
  `phone` varchar(20) CHARACTER SET utf8 COLLATE utf8_general_ci NULL DEFAULT NULL COMMENT '手机号',
  `email` varchar(255) CHARACTER SET utf8 COLLATE utf8_general_ci NULL DEFAULT NULL COMMENT '邮箱',
  `user_type` tinyint(4) NOT NULL DEFAULT 0 COMMENT '用户类别（0：超级管理员，1：企业用户，2：监管用户）',
  `status` tinyint(4) NOT NULL DEFAULT 0 COMMENT '用户状态(0：正常，1：不正常)',
  `expired` tinyint(4) NULL DEFAULT 0 COMMENT '过期字段（0-不过期，1-过期）',
  `enterprise_id` varchar(32) CHARACTER SET utf8 COLLATE utf8_general_ci NULL DEFAULT NULL COMMENT '所属企业',
  `department_id` varchar(32) CHARACTER SET utf8 COLLATE utf8_general_ci NULL DEFAULT '' COMMENT '所属部门',
  `job_id` varchar(32) CHARACTER SET utf8 COLLATE utf8_general_ci NULL DEFAULT NULL COMMENT '用户职务',
  `is_leader` tinyint(4) NULL DEFAULT NULL COMMENT '是否领导（0-是，1-否）',
  `create_time` datetime(0) NOT NULL ON UPDATE CURRENT_TIMESTAMP(0) COMMENT '记录创建时间',
  `update_time` datetime(0) NOT NULL ON UPDATE CURRENT_TIMESTAMP(0) COMMENT '记录最后修改时间',
  `create_user_id` bigint(19) NULL DEFAULT NULL COMMENT '记录创建用户ID',
  PRIMARY KEY (`id`) USING BTREE,
  INDEX `index_user_login_name`(`login_name`) USING BTREE
) ENGINE = InnoDB AUTO_INCREMENT = 2 CHARACTER SET = utf8 COLLATE = utf8_general_ci COMMENT = '用户表' ROW_FORMAT = Dynamic;

-- ----------------------------
-- Records of t_sys_user
-- ----------------------------
INSERT INTO `t_sys_user` VALUES (1, 'admin', 'admin', 'b2ccd2d71e04f7dd479d79c5fe886c8f', 'b4752b4b73034de06afb2db30fe19061', 0, '18627026982', 'tuminglong@126.com', 0, 0, 0, '', '', NULL, 0, '2018-12-19 20:22:33', '2018-12-19 21:27:49', NULL);

-- ----------------------------
-- Table structure for t_sys_user_enterprise
-- ----------------------------
DROP TABLE IF EXISTS `t_sys_user_enterprise`;
CREATE TABLE `t_sys_user_enterprise`  (
  `id` bigint(19) NOT NULL AUTO_INCREMENT COMMENT '主键id',
  `user_id` bigint(19) NULL DEFAULT NULL COMMENT '角色id',
  `enterprise_id` varchar(32) CHARACTER SET utf8 COLLATE utf8_general_ci NULL DEFAULT NULL COMMENT '企业id列表(;分割)',
  PRIMARY KEY (`id`) USING BTREE,
  INDEX `user_id`(`user_id`) USING BTREE,
  INDEX `enterprise_id`(`enterprise_id`) USING BTREE,
  CONSTRAINT `t_sys_user_enterprise_ibfk_1` FOREIGN KEY (`user_id`) REFERENCES `t_sys_user` (`id`) ON DELETE CASCADE ON UPDATE CASCADE,
  CONSTRAINT `t_sys_user_enterprise_ibfk_2` FOREIGN KEY (`enterprise_id`) REFERENCES `t_enterprise` (`id`) ON DELETE CASCADE ON UPDATE CASCADE
) ENGINE = InnoDB AUTO_INCREMENT = 1 CHARACTER SET = utf8 COLLATE = utf8_general_ci COMMENT = '监管用户与企业关联表' ROW_FORMAT = Dynamic;

-- ----------------------------
-- Table structure for t_sys_user_role
-- ----------------------------
DROP TABLE IF EXISTS `t_sys_user_role`;
CREATE TABLE `t_sys_user_role`  (
  `id` bigint(19) NOT NULL AUTO_INCREMENT COMMENT '主键id',
  `user_id` bigint(19) NOT NULL COMMENT '用户id',
  `role_id` bigint(19) NOT NULL COMMENT '角色id',
  PRIMARY KEY (`id`) USING BTREE,
  INDEX `idx_user_role_ids`(`user_id`, `role_id`) USING BTREE
) ENGINE = InnoDB AUTO_INCREMENT = 2530 CHARACTER SET = utf8 COLLATE = utf8_general_ci COMMENT = '用户角色表' ROW_FORMAT = Dynamic;

-- ----------------------------
-- Records of t_sys_user_role
-- ----------------------------
INSERT INTO `t_sys_user_role` VALUES (249, 1, 1);
INSERT INTO `t_sys_user_role` VALUES (151, 57, 8);
INSERT INTO `t_sys_user_role` VALUES (153, 59, 8);
INSERT INTO `t_sys_user_role` VALUES (239, 61, 8);
INSERT INTO `t_sys_user_role` VALUES (2527, 67, 2);
INSERT INTO `t_sys_user_role` VALUES (2528, 67, 9);
INSERT INTO `t_sys_user_role` VALUES (221, 71, 1);
INSERT INTO `t_sys_user_role` VALUES (217, 73, 1);
INSERT INTO `t_sys_user_role` VALUES (256, 81, 1);
INSERT INTO `t_sys_user_role` VALUES (399, 89, 9);
INSERT INTO `t_sys_user_role` VALUES (400, 99, 9);
INSERT INTO `t_sys_user_role` VALUES (372, 100, 9);
INSERT INTO `t_sys_user_role` VALUES (2524, 101, 2);
INSERT INTO `t_sys_user_role` VALUES (2523, 101, 9);
INSERT INTO `t_sys_user_role` VALUES (376, 103, 9);
INSERT INTO `t_sys_user_role` VALUES (2457, 105, 8);
INSERT INTO `t_sys_user_role` VALUES (2459, 105, 9);
INSERT INTO `t_sys_user_role` VALUES (403, 114, 8);
INSERT INTO `t_sys_user_role` VALUES (411, 118, 22);
INSERT INTO `t_sys_user_role` VALUES (2529, 120, 22);
INSERT INTO `t_sys_user_role` VALUES (415, 122, 22);
INSERT INTO `t_sys_user_role` VALUES (417, 124, 22);
INSERT INTO `t_sys_user_role` VALUES (419, 126, 22);
INSERT INTO `t_sys_user_role` VALUES (421, 128, 22);
INSERT INTO `t_sys_user_role` VALUES (423, 130, 22);
INSERT INTO `t_sys_user_role` VALUES (425, 132, 22);
INSERT INTO `t_sys_user_role` VALUES (427, 134, 22);
INSERT INTO `t_sys_user_role` VALUES (429, 136, 22);
INSERT INTO `t_sys_user_role` VALUES (431, 138, 22);
INSERT INTO `t_sys_user_role` VALUES (433, 140, 22);
INSERT INTO `t_sys_user_role` VALUES (435, 142, 22);
INSERT INTO `t_sys_user_role` VALUES (437, 144, 22);
INSERT INTO `t_sys_user_role` VALUES (439, 146, 22);
INSERT INTO `t_sys_user_role` VALUES (441, 148, 22);
INSERT INTO `t_sys_user_role` VALUES (443, 150, 22);
INSERT INTO `t_sys_user_role` VALUES (445, 152, 22);
INSERT INTO `t_sys_user_role` VALUES (447, 154, 22);
INSERT INTO `t_sys_user_role` VALUES (449, 156, 22);
INSERT INTO `t_sys_user_role` VALUES (451, 158, 22);
INSERT INTO `t_sys_user_role` VALUES (453, 160, 22);
INSERT INTO `t_sys_user_role` VALUES (455, 162, 25);
INSERT INTO `t_sys_user_role` VALUES (457, 164, 25);
INSERT INTO `t_sys_user_role` VALUES (459, 166, 25);
INSERT INTO `t_sys_user_role` VALUES (461, 168, 25);
INSERT INTO `t_sys_user_role` VALUES (463, 170, 25);
INSERT INTO `t_sys_user_role` VALUES (465, 172, 22);
INSERT INTO `t_sys_user_role` VALUES (467, 174, 22);
INSERT INTO `t_sys_user_role` VALUES (469, 176, 22);
INSERT INTO `t_sys_user_role` VALUES (471, 178, 23);
INSERT INTO `t_sys_user_role` VALUES (473, 180, 23);
INSERT INTO `t_sys_user_role` VALUES (475, 182, 22);
INSERT INTO `t_sys_user_role` VALUES (477, 184, 23);
INSERT INTO `t_sys_user_role` VALUES (479, 186, 23);
INSERT INTO `t_sys_user_role` VALUES (481, 188, 23);
INSERT INTO `t_sys_user_role` VALUES (483, 190, 23);
INSERT INTO `t_sys_user_role` VALUES (485, 192, 23);
INSERT INTO `t_sys_user_role` VALUES (487, 194, 23);
INSERT INTO `t_sys_user_role` VALUES (489, 196, 23);
INSERT INTO `t_sys_user_role` VALUES (491, 198, 23);
INSERT INTO `t_sys_user_role` VALUES (493, 200, 23);
INSERT INTO `t_sys_user_role` VALUES (495, 202, 23);
INSERT INTO `t_sys_user_role` VALUES (497, 204, 23);
INSERT INTO `t_sys_user_role` VALUES (499, 206, 23);
INSERT INTO `t_sys_user_role` VALUES (501, 208, 23);
INSERT INTO `t_sys_user_role` VALUES (503, 210, 23);
INSERT INTO `t_sys_user_role` VALUES (505, 212, 23);
INSERT INTO `t_sys_user_role` VALUES (507, 214, 23);
INSERT INTO `t_sys_user_role` VALUES (509, 216, 23);
INSERT INTO `t_sys_user_role` VALUES (511, 218, 23);
INSERT INTO `t_sys_user_role` VALUES (513, 220, 23);
INSERT INTO `t_sys_user_role` VALUES (515, 222, 23);
INSERT INTO `t_sys_user_role` VALUES (517, 224, 23);
INSERT INTO `t_sys_user_role` VALUES (519, 226, 23);
INSERT INTO `t_sys_user_role` VALUES (521, 228, 23);
INSERT INTO `t_sys_user_role` VALUES (523, 230, 23);
INSERT INTO `t_sys_user_role` VALUES (525, 232, 23);
INSERT INTO `t_sys_user_role` VALUES (527, 234, 23);
INSERT INTO `t_sys_user_role` VALUES (529, 236, 23);
INSERT INTO `t_sys_user_role` VALUES (531, 238, 23);
INSERT INTO `t_sys_user_role` VALUES (533, 240, 23);
INSERT INTO `t_sys_user_role` VALUES (535, 242, 22);
INSERT INTO `t_sys_user_role` VALUES (537, 244, 23);
INSERT INTO `t_sys_user_role` VALUES (539, 246, 22);
INSERT INTO `t_sys_user_role` VALUES (541, 248, 22);
INSERT INTO `t_sys_user_role` VALUES (543, 250, 22);
INSERT INTO `t_sys_user_role` VALUES (545, 252, 22);
INSERT INTO `t_sys_user_role` VALUES (547, 254, 22);
INSERT INTO `t_sys_user_role` VALUES (549, 256, 22);
INSERT INTO `t_sys_user_role` VALUES (551, 258, 23);
INSERT INTO `t_sys_user_role` VALUES (553, 260, 22);
INSERT INTO `t_sys_user_role` VALUES (555, 262, 22);
INSERT INTO `t_sys_user_role` VALUES (557, 264, 22);
INSERT INTO `t_sys_user_role` VALUES (559, 266, 22);
INSERT INTO `t_sys_user_role` VALUES (561, 268, 22);
INSERT INTO `t_sys_user_role` VALUES (563, 270, 23);
INSERT INTO `t_sys_user_role` VALUES (565, 272, 23);
INSERT INTO `t_sys_user_role` VALUES (567, 274, 23);
INSERT INTO `t_sys_user_role` VALUES (569, 276, 23);
INSERT INTO `t_sys_user_role` VALUES (571, 278, 23);
INSERT INTO `t_sys_user_role` VALUES (573, 280, 23);
INSERT INTO `t_sys_user_role` VALUES (575, 282, 23);
INSERT INTO `t_sys_user_role` VALUES (577, 284, 23);
INSERT INTO `t_sys_user_role` VALUES (579, 286, 23);
INSERT INTO `t_sys_user_role` VALUES (581, 288, 23);
INSERT INTO `t_sys_user_role` VALUES (583, 290, 25);
INSERT INTO `t_sys_user_role` VALUES (585, 292, 25);
INSERT INTO `t_sys_user_role` VALUES (587, 294, 25);
INSERT INTO `t_sys_user_role` VALUES (589, 296, 25);
INSERT INTO `t_sys_user_role` VALUES (591, 298, 25);
INSERT INTO `t_sys_user_role` VALUES (593, 300, 25);
INSERT INTO `t_sys_user_role` VALUES (595, 302, 25);
INSERT INTO `t_sys_user_role` VALUES (597, 304, 25);
INSERT INTO `t_sys_user_role` VALUES (599, 306, 25);
INSERT INTO `t_sys_user_role` VALUES (601, 308, 25);
INSERT INTO `t_sys_user_role` VALUES (603, 310, 25);
INSERT INTO `t_sys_user_role` VALUES (605, 312, 25);
INSERT INTO `t_sys_user_role` VALUES (607, 314, 25);
INSERT INTO `t_sys_user_role` VALUES (609, 316, 25);
INSERT INTO `t_sys_user_role` VALUES (611, 318, 25);
INSERT INTO `t_sys_user_role` VALUES (613, 320, 25);
INSERT INTO `t_sys_user_role` VALUES (615, 322, 25);
INSERT INTO `t_sys_user_role` VALUES (617, 324, 25);
INSERT INTO `t_sys_user_role` VALUES (619, 326, 25);
INSERT INTO `t_sys_user_role` VALUES (621, 328, 25);
INSERT INTO `t_sys_user_role` VALUES (623, 330, 25);
INSERT INTO `t_sys_user_role` VALUES (625, 332, 25);
INSERT INTO `t_sys_user_role` VALUES (627, 334, 25);
INSERT INTO `t_sys_user_role` VALUES (629, 336, 25);
INSERT INTO `t_sys_user_role` VALUES (631, 338, 25);
INSERT INTO `t_sys_user_role` VALUES (633, 340, 25);
INSERT INTO `t_sys_user_role` VALUES (635, 342, 25);
INSERT INTO `t_sys_user_role` VALUES (637, 344, 25);
INSERT INTO `t_sys_user_role` VALUES (639, 346, 25);
INSERT INTO `t_sys_user_role` VALUES (641, 348, 25);
INSERT INTO `t_sys_user_role` VALUES (643, 350, 25);
INSERT INTO `t_sys_user_role` VALUES (645, 352, 25);
INSERT INTO `t_sys_user_role` VALUES (647, 354, 25);
INSERT INTO `t_sys_user_role` VALUES (649, 356, 25);
INSERT INTO `t_sys_user_role` VALUES (651, 358, 25);
INSERT INTO `t_sys_user_role` VALUES (653, 360, 25);
INSERT INTO `t_sys_user_role` VALUES (655, 362, 25);
INSERT INTO `t_sys_user_role` VALUES (657, 364, 25);
INSERT INTO `t_sys_user_role` VALUES (659, 366, 25);
INSERT INTO `t_sys_user_role` VALUES (661, 368, 25);
INSERT INTO `t_sys_user_role` VALUES (663, 370, 25);
INSERT INTO `t_sys_user_role` VALUES (665, 372, 25);
INSERT INTO `t_sys_user_role` VALUES (667, 374, 25);
INSERT INTO `t_sys_user_role` VALUES (669, 376, 25);
INSERT INTO `t_sys_user_role` VALUES (671, 378, 25);
INSERT INTO `t_sys_user_role` VALUES (673, 380, 25);
INSERT INTO `t_sys_user_role` VALUES (675, 382, 25);
INSERT INTO `t_sys_user_role` VALUES (677, 384, 25);
INSERT INTO `t_sys_user_role` VALUES (679, 386, 25);
INSERT INTO `t_sys_user_role` VALUES (681, 388, 25);
INSERT INTO `t_sys_user_role` VALUES (683, 390, 25);
INSERT INTO `t_sys_user_role` VALUES (685, 392, 25);
INSERT INTO `t_sys_user_role` VALUES (687, 394, 25);
INSERT INTO `t_sys_user_role` VALUES (689, 396, 25);
INSERT INTO `t_sys_user_role` VALUES (691, 398, 25);
INSERT INTO `t_sys_user_role` VALUES (693, 400, 25);
INSERT INTO `t_sys_user_role` VALUES (695, 402, 25);
INSERT INTO `t_sys_user_role` VALUES (697, 404, 25);
INSERT INTO `t_sys_user_role` VALUES (699, 406, 25);
INSERT INTO `t_sys_user_role` VALUES (701, 408, 25);
INSERT INTO `t_sys_user_role` VALUES (703, 410, 25);
INSERT INTO `t_sys_user_role` VALUES (705, 412, 25);
INSERT INTO `t_sys_user_role` VALUES (707, 414, 25);
INSERT INTO `t_sys_user_role` VALUES (709, 416, 25);
INSERT INTO `t_sys_user_role` VALUES (711, 418, 25);
INSERT INTO `t_sys_user_role` VALUES (713, 420, 25);
INSERT INTO `t_sys_user_role` VALUES (715, 422, 25);
INSERT INTO `t_sys_user_role` VALUES (717, 424, 25);
INSERT INTO `t_sys_user_role` VALUES (719, 426, 25);
INSERT INTO `t_sys_user_role` VALUES (721, 428, 25);
INSERT INTO `t_sys_user_role` VALUES (723, 430, 25);
INSERT INTO `t_sys_user_role` VALUES (725, 432, 25);
INSERT INTO `t_sys_user_role` VALUES (727, 434, 25);
INSERT INTO `t_sys_user_role` VALUES (729, 436, 25);
INSERT INTO `t_sys_user_role` VALUES (731, 438, 25);
INSERT INTO `t_sys_user_role` VALUES (733, 440, 23);
INSERT INTO `t_sys_user_role` VALUES (735, 442, 23);
INSERT INTO `t_sys_user_role` VALUES (737, 444, 22);
INSERT INTO `t_sys_user_role` VALUES (739, 446, 22);
INSERT INTO `t_sys_user_role` VALUES (741, 448, 22);
INSERT INTO `t_sys_user_role` VALUES (743, 450, 22);
INSERT INTO `t_sys_user_role` VALUES (745, 452, 23);
INSERT INTO `t_sys_user_role` VALUES (747, 454, 23);
INSERT INTO `t_sys_user_role` VALUES (749, 456, 23);
INSERT INTO `t_sys_user_role` VALUES (751, 458, 23);
INSERT INTO `t_sys_user_role` VALUES (753, 460, 23);
INSERT INTO `t_sys_user_role` VALUES (755, 462, 23);
INSERT INTO `t_sys_user_role` VALUES (757, 464, 25);
INSERT INTO `t_sys_user_role` VALUES (759, 466, 25);
INSERT INTO `t_sys_user_role` VALUES (761, 468, 23);
INSERT INTO `t_sys_user_role` VALUES (763, 470, 25);
INSERT INTO `t_sys_user_role` VALUES (765, 472, 25);
INSERT INTO `t_sys_user_role` VALUES (767, 474, 25);
INSERT INTO `t_sys_user_role` VALUES (769, 476, 25);
INSERT INTO `t_sys_user_role` VALUES (771, 478, 25);
INSERT INTO `t_sys_user_role` VALUES (773, 480, 25);
INSERT INTO `t_sys_user_role` VALUES (775, 482, 25);
INSERT INTO `t_sys_user_role` VALUES (777, 484, 25);
INSERT INTO `t_sys_user_role` VALUES (779, 486, 25);
INSERT INTO `t_sys_user_role` VALUES (781, 488, 25);
INSERT INTO `t_sys_user_role` VALUES (783, 490, 25);
INSERT INTO `t_sys_user_role` VALUES (785, 492, 25);
INSERT INTO `t_sys_user_role` VALUES (787, 494, 23);
INSERT INTO `t_sys_user_role` VALUES (789, 496, 25);
INSERT INTO `t_sys_user_role` VALUES (791, 498, 25);
INSERT INTO `t_sys_user_role` VALUES (793, 500, 25);
INSERT INTO `t_sys_user_role` VALUES (795, 502, 25);
INSERT INTO `t_sys_user_role` VALUES (797, 504, 25);
INSERT INTO `t_sys_user_role` VALUES (799, 506, 25);
INSERT INTO `t_sys_user_role` VALUES (801, 508, 25);
INSERT INTO `t_sys_user_role` VALUES (803, 510, 25);
INSERT INTO `t_sys_user_role` VALUES (805, 512, 25);
INSERT INTO `t_sys_user_role` VALUES (807, 514, 25);
INSERT INTO `t_sys_user_role` VALUES (809, 516, 25);
INSERT INTO `t_sys_user_role` VALUES (811, 518, 25);
INSERT INTO `t_sys_user_role` VALUES (813, 520, 25);
INSERT INTO `t_sys_user_role` VALUES (815, 522, 25);
INSERT INTO `t_sys_user_role` VALUES (817, 524, 23);
INSERT INTO `t_sys_user_role` VALUES (819, 526, 25);
INSERT INTO `t_sys_user_role` VALUES (821, 528, 25);
INSERT INTO `t_sys_user_role` VALUES (823, 530, 25);
INSERT INTO `t_sys_user_role` VALUES (825, 532, 25);
INSERT INTO `t_sys_user_role` VALUES (827, 534, 25);
INSERT INTO `t_sys_user_role` VALUES (829, 536, 25);
INSERT INTO `t_sys_user_role` VALUES (831, 538, 25);
INSERT INTO `t_sys_user_role` VALUES (833, 540, 25);
INSERT INTO `t_sys_user_role` VALUES (835, 542, 25);
INSERT INTO `t_sys_user_role` VALUES (837, 544, 25);
INSERT INTO `t_sys_user_role` VALUES (839, 546, 25);
INSERT INTO `t_sys_user_role` VALUES (841, 548, 25);
INSERT INTO `t_sys_user_role` VALUES (843, 550, 25);
INSERT INTO `t_sys_user_role` VALUES (845, 552, 25);
INSERT INTO `t_sys_user_role` VALUES (847, 554, 25);
INSERT INTO `t_sys_user_role` VALUES (849, 556, 22);
INSERT INTO `t_sys_user_role` VALUES (851, 558, 25);
INSERT INTO `t_sys_user_role` VALUES (853, 560, 23);
INSERT INTO `t_sys_user_role` VALUES (855, 562, 25);
INSERT INTO `t_sys_user_role` VALUES (857, 564, 25);
INSERT INTO `t_sys_user_role` VALUES (859, 566, 25);
INSERT INTO `t_sys_user_role` VALUES (861, 568, 25);
INSERT INTO `t_sys_user_role` VALUES (863, 570, 25);
INSERT INTO `t_sys_user_role` VALUES (865, 572, 25);
INSERT INTO `t_sys_user_role` VALUES (867, 574, 25);
INSERT INTO `t_sys_user_role` VALUES (869, 576, 25);
INSERT INTO `t_sys_user_role` VALUES (871, 578, 25);
INSERT INTO `t_sys_user_role` VALUES (873, 580, 25);
INSERT INTO `t_sys_user_role` VALUES (875, 582, 25);
INSERT INTO `t_sys_user_role` VALUES (877, 584, 25);
INSERT INTO `t_sys_user_role` VALUES (879, 586, 25);
INSERT INTO `t_sys_user_role` VALUES (881, 588, 25);
INSERT INTO `t_sys_user_role` VALUES (883, 590, 25);
INSERT INTO `t_sys_user_role` VALUES (885, 592, 25);
INSERT INTO `t_sys_user_role` VALUES (887, 594, 23);
INSERT INTO `t_sys_user_role` VALUES (889, 596, 25);
INSERT INTO `t_sys_user_role` VALUES (891, 598, 25);
INSERT INTO `t_sys_user_role` VALUES (893, 600, 25);
INSERT INTO `t_sys_user_role` VALUES (895, 602, 25);
INSERT INTO `t_sys_user_role` VALUES (897, 604, 25);
INSERT INTO `t_sys_user_role` VALUES (899, 606, 25);
INSERT INTO `t_sys_user_role` VALUES (901, 608, 25);
INSERT INTO `t_sys_user_role` VALUES (903, 610, 25);
INSERT INTO `t_sys_user_role` VALUES (905, 612, 25);
INSERT INTO `t_sys_user_role` VALUES (907, 614, 25);
INSERT INTO `t_sys_user_role` VALUES (909, 616, 25);
INSERT INTO `t_sys_user_role` VALUES (911, 618, 25);
INSERT INTO `t_sys_user_role` VALUES (913, 620, 25);
INSERT INTO `t_sys_user_role` VALUES (915, 622, 25);
INSERT INTO `t_sys_user_role` VALUES (917, 624, 25);
INSERT INTO `t_sys_user_role` VALUES (919, 626, 25);
INSERT INTO `t_sys_user_role` VALUES (921, 628, 25);
INSERT INTO `t_sys_user_role` VALUES (923, 630, 25);
INSERT INTO `t_sys_user_role` VALUES (925, 632, 25);
INSERT INTO `t_sys_user_role` VALUES (927, 634, 25);
INSERT INTO `t_sys_user_role` VALUES (929, 636, 25);
INSERT INTO `t_sys_user_role` VALUES (931, 638, 25);
INSERT INTO `t_sys_user_role` VALUES (933, 640, 25);
INSERT INTO `t_sys_user_role` VALUES (935, 642, 25);
INSERT INTO `t_sys_user_role` VALUES (937, 644, 22);
INSERT INTO `t_sys_user_role` VALUES (939, 646, 25);
INSERT INTO `t_sys_user_role` VALUES (941, 648, 22);
INSERT INTO `t_sys_user_role` VALUES (943, 650, 23);
INSERT INTO `t_sys_user_role` VALUES (945, 652, 22);
INSERT INTO `t_sys_user_role` VALUES (947, 654, 25);
INSERT INTO `t_sys_user_role` VALUES (949, 656, 25);
INSERT INTO `t_sys_user_role` VALUES (951, 658, 25);
INSERT INTO `t_sys_user_role` VALUES (953, 660, 25);
INSERT INTO `t_sys_user_role` VALUES (955, 662, 25);
INSERT INTO `t_sys_user_role` VALUES (957, 664, 25);
INSERT INTO `t_sys_user_role` VALUES (959, 666, 25);
INSERT INTO `t_sys_user_role` VALUES (961, 668, 25);
INSERT INTO `t_sys_user_role` VALUES (963, 670, 25);
INSERT INTO `t_sys_user_role` VALUES (965, 672, 25);
INSERT INTO `t_sys_user_role` VALUES (967, 674, 22);
INSERT INTO `t_sys_user_role` VALUES (969, 676, 23);
INSERT INTO `t_sys_user_role` VALUES (971, 678, 22);
INSERT INTO `t_sys_user_role` VALUES (973, 680, 22);
INSERT INTO `t_sys_user_role` VALUES (975, 682, 22);
INSERT INTO `t_sys_user_role` VALUES (977, 684, 22);
INSERT INTO `t_sys_user_role` VALUES (979, 686, 23);
INSERT INTO `t_sys_user_role` VALUES (981, 688, 23);
INSERT INTO `t_sys_user_role` VALUES (983, 690, 25);
INSERT INTO `t_sys_user_role` VALUES (985, 692, 25);
INSERT INTO `t_sys_user_role` VALUES (987, 694, 25);
INSERT INTO `t_sys_user_role` VALUES (989, 696, 25);
INSERT INTO `t_sys_user_role` VALUES (991, 698, 25);
INSERT INTO `t_sys_user_role` VALUES (993, 700, 25);
INSERT INTO `t_sys_user_role` VALUES (995, 702, 25);
INSERT INTO `t_sys_user_role` VALUES (997, 704, 25);
INSERT INTO `t_sys_user_role` VALUES (999, 706, 25);
INSERT INTO `t_sys_user_role` VALUES (1001, 708, 25);
INSERT INTO `t_sys_user_role` VALUES (1003, 710, 25);
INSERT INTO `t_sys_user_role` VALUES (1005, 712, 23);
INSERT INTO `t_sys_user_role` VALUES (1007, 714, 25);
INSERT INTO `t_sys_user_role` VALUES (1009, 716, 25);
INSERT INTO `t_sys_user_role` VALUES (1011, 718, 25);
INSERT INTO `t_sys_user_role` VALUES (1013, 720, 25);
INSERT INTO `t_sys_user_role` VALUES (1015, 722, 25);
INSERT INTO `t_sys_user_role` VALUES (1017, 724, 25);
INSERT INTO `t_sys_user_role` VALUES (1019, 726, 25);
INSERT INTO `t_sys_user_role` VALUES (1021, 728, 23);
INSERT INTO `t_sys_user_role` VALUES (1023, 730, 25);
INSERT INTO `t_sys_user_role` VALUES (1025, 732, 25);
INSERT INTO `t_sys_user_role` VALUES (1027, 734, 25);
INSERT INTO `t_sys_user_role` VALUES (1029, 736, 25);
INSERT INTO `t_sys_user_role` VALUES (1031, 738, 25);
INSERT INTO `t_sys_user_role` VALUES (1033, 740, 23);
INSERT INTO `t_sys_user_role` VALUES (1035, 742, 23);
INSERT INTO `t_sys_user_role` VALUES (1037, 744, 25);
INSERT INTO `t_sys_user_role` VALUES (1039, 746, 25);
INSERT INTO `t_sys_user_role` VALUES (1041, 748, 25);
INSERT INTO `t_sys_user_role` VALUES (1043, 750, 25);
INSERT INTO `t_sys_user_role` VALUES (1045, 752, 25);
INSERT INTO `t_sys_user_role` VALUES (1047, 754, 25);
INSERT INTO `t_sys_user_role` VALUES (1049, 756, 25);
INSERT INTO `t_sys_user_role` VALUES (1051, 758, 25);
INSERT INTO `t_sys_user_role` VALUES (1053, 760, 25);
INSERT INTO `t_sys_user_role` VALUES (1055, 762, 25);
INSERT INTO `t_sys_user_role` VALUES (1057, 764, 25);
INSERT INTO `t_sys_user_role` VALUES (1059, 766, 25);
INSERT INTO `t_sys_user_role` VALUES (1061, 768, 25);
INSERT INTO `t_sys_user_role` VALUES (1063, 770, 25);
INSERT INTO `t_sys_user_role` VALUES (1065, 772, 25);
INSERT INTO `t_sys_user_role` VALUES (1067, 774, 25);
INSERT INTO `t_sys_user_role` VALUES (1069, 776, 25);
INSERT INTO `t_sys_user_role` VALUES (1071, 778, 25);
INSERT INTO `t_sys_user_role` VALUES (1073, 780, 25);
INSERT INTO `t_sys_user_role` VALUES (1075, 782, 25);
INSERT INTO `t_sys_user_role` VALUES (1077, 784, 25);
INSERT INTO `t_sys_user_role` VALUES (1079, 786, 25);
INSERT INTO `t_sys_user_role` VALUES (1081, 788, 25);
INSERT INTO `t_sys_user_role` VALUES (1083, 790, 25);
INSERT INTO `t_sys_user_role` VALUES (1085, 792, 25);
INSERT INTO `t_sys_user_role` VALUES (1087, 794, 25);
INSERT INTO `t_sys_user_role` VALUES (1089, 796, 23);
INSERT INTO `t_sys_user_role` VALUES (1091, 798, 25);
INSERT INTO `t_sys_user_role` VALUES (1093, 800, 25);
INSERT INTO `t_sys_user_role` VALUES (1095, 802, 25);
INSERT INTO `t_sys_user_role` VALUES (1097, 804, 25);
INSERT INTO `t_sys_user_role` VALUES (1099, 806, 25);
INSERT INTO `t_sys_user_role` VALUES (1101, 808, 25);
INSERT INTO `t_sys_user_role` VALUES (1103, 810, 25);
INSERT INTO `t_sys_user_role` VALUES (1105, 812, 25);
INSERT INTO `t_sys_user_role` VALUES (1107, 814, 25);
INSERT INTO `t_sys_user_role` VALUES (1109, 816, 23);
INSERT INTO `t_sys_user_role` VALUES (1111, 818, 23);
INSERT INTO `t_sys_user_role` VALUES (1113, 820, 23);
INSERT INTO `t_sys_user_role` VALUES (1115, 822, 25);
INSERT INTO `t_sys_user_role` VALUES (1117, 824, 22);
INSERT INTO `t_sys_user_role` VALUES (1119, 826, 25);
INSERT INTO `t_sys_user_role` VALUES (1121, 828, 25);
INSERT INTO `t_sys_user_role` VALUES (1123, 830, 25);
INSERT INTO `t_sys_user_role` VALUES (1125, 832, 25);
INSERT INTO `t_sys_user_role` VALUES (1127, 834, 25);
INSERT INTO `t_sys_user_role` VALUES (1129, 836, 25);
INSERT INTO `t_sys_user_role` VALUES (1131, 838, 25);
INSERT INTO `t_sys_user_role` VALUES (1133, 840, 25);
INSERT INTO `t_sys_user_role` VALUES (1135, 842, 25);
INSERT INTO `t_sys_user_role` VALUES (1137, 844, 25);
INSERT INTO `t_sys_user_role` VALUES (1139, 846, 25);
INSERT INTO `t_sys_user_role` VALUES (1141, 848, 23);
INSERT INTO `t_sys_user_role` VALUES (1143, 850, 25);
INSERT INTO `t_sys_user_role` VALUES (1145, 852, 25);
INSERT INTO `t_sys_user_role` VALUES (1147, 854, 25);
INSERT INTO `t_sys_user_role` VALUES (1149, 856, 25);
INSERT INTO `t_sys_user_role` VALUES (1151, 858, 25);
INSERT INTO `t_sys_user_role` VALUES (1153, 860, 25);
INSERT INTO `t_sys_user_role` VALUES (1155, 862, 25);
INSERT INTO `t_sys_user_role` VALUES (1157, 864, 25);
INSERT INTO `t_sys_user_role` VALUES (1159, 866, 25);
INSERT INTO `t_sys_user_role` VALUES (1161, 868, 25);
INSERT INTO `t_sys_user_role` VALUES (1163, 870, 25);
INSERT INTO `t_sys_user_role` VALUES (1165, 872, 25);
INSERT INTO `t_sys_user_role` VALUES (1167, 874, 25);
INSERT INTO `t_sys_user_role` VALUES (1169, 876, 25);
INSERT INTO `t_sys_user_role` VALUES (1171, 878, 25);
INSERT INTO `t_sys_user_role` VALUES (1173, 880, 25);
INSERT INTO `t_sys_user_role` VALUES (1175, 882, 25);
INSERT INTO `t_sys_user_role` VALUES (1177, 884, 25);
INSERT INTO `t_sys_user_role` VALUES (1179, 886, 25);
INSERT INTO `t_sys_user_role` VALUES (1181, 888, 25);
INSERT INTO `t_sys_user_role` VALUES (1183, 890, 25);
INSERT INTO `t_sys_user_role` VALUES (1185, 892, 25);
INSERT INTO `t_sys_user_role` VALUES (1187, 894, 25);
INSERT INTO `t_sys_user_role` VALUES (1189, 896, 25);
INSERT INTO `t_sys_user_role` VALUES (1191, 898, 25);
INSERT INTO `t_sys_user_role` VALUES (1193, 900, 25);
INSERT INTO `t_sys_user_role` VALUES (1195, 902, 25);
INSERT INTO `t_sys_user_role` VALUES (1197, 904, 25);
INSERT INTO `t_sys_user_role` VALUES (1199, 906, 25);
INSERT INTO `t_sys_user_role` VALUES (1201, 908, 25);
INSERT INTO `t_sys_user_role` VALUES (1203, 910, 25);
INSERT INTO `t_sys_user_role` VALUES (1205, 912, 25);
INSERT INTO `t_sys_user_role` VALUES (1207, 914, 25);
INSERT INTO `t_sys_user_role` VALUES (1209, 916, 25);
INSERT INTO `t_sys_user_role` VALUES (1211, 918, 25);
INSERT INTO `t_sys_user_role` VALUES (1213, 920, 25);
INSERT INTO `t_sys_user_role` VALUES (1215, 922, 25);
INSERT INTO `t_sys_user_role` VALUES (1217, 924, 25);
INSERT INTO `t_sys_user_role` VALUES (1219, 926, 25);
INSERT INTO `t_sys_user_role` VALUES (1221, 928, 25);
INSERT INTO `t_sys_user_role` VALUES (1223, 930, 25);
INSERT INTO `t_sys_user_role` VALUES (1225, 932, 25);
INSERT INTO `t_sys_user_role` VALUES (1227, 934, 25);
INSERT INTO `t_sys_user_role` VALUES (1229, 936, 25);
INSERT INTO `t_sys_user_role` VALUES (1231, 938, 25);
INSERT INTO `t_sys_user_role` VALUES (1233, 940, 25);
INSERT INTO `t_sys_user_role` VALUES (1235, 942, 25);
INSERT INTO `t_sys_user_role` VALUES (1237, 944, 25);
INSERT INTO `t_sys_user_role` VALUES (1239, 946, 25);
INSERT INTO `t_sys_user_role` VALUES (1241, 948, 25);
INSERT INTO `t_sys_user_role` VALUES (1243, 950, 25);
INSERT INTO `t_sys_user_role` VALUES (1245, 952, 25);
INSERT INTO `t_sys_user_role` VALUES (1247, 954, 25);
INSERT INTO `t_sys_user_role` VALUES (1249, 956, 25);
INSERT INTO `t_sys_user_role` VALUES (1251, 958, 25);
INSERT INTO `t_sys_user_role` VALUES (1253, 960, 25);
INSERT INTO `t_sys_user_role` VALUES (1255, 962, 25);
INSERT INTO `t_sys_user_role` VALUES (1257, 964, 25);
INSERT INTO `t_sys_user_role` VALUES (1259, 966, 25);
INSERT INTO `t_sys_user_role` VALUES (1261, 968, 25);
INSERT INTO `t_sys_user_role` VALUES (1263, 970, 25);
INSERT INTO `t_sys_user_role` VALUES (1265, 972, 25);
INSERT INTO `t_sys_user_role` VALUES (1267, 974, 25);
INSERT INTO `t_sys_user_role` VALUES (1269, 976, 25);
INSERT INTO `t_sys_user_role` VALUES (1271, 978, 25);
INSERT INTO `t_sys_user_role` VALUES (1273, 980, 25);
INSERT INTO `t_sys_user_role` VALUES (1275, 982, 25);
INSERT INTO `t_sys_user_role` VALUES (1277, 984, 25);
INSERT INTO `t_sys_user_role` VALUES (1279, 986, 25);
INSERT INTO `t_sys_user_role` VALUES (1281, 988, 25);
INSERT INTO `t_sys_user_role` VALUES (1283, 990, 25);
INSERT INTO `t_sys_user_role` VALUES (1285, 992, 25);
INSERT INTO `t_sys_user_role` VALUES (1287, 994, 25);
INSERT INTO `t_sys_user_role` VALUES (1289, 996, 25);
INSERT INTO `t_sys_user_role` VALUES (1291, 998, 25);
INSERT INTO `t_sys_user_role` VALUES (1293, 1000, 25);
INSERT INTO `t_sys_user_role` VALUES (1295, 1002, 25);
INSERT INTO `t_sys_user_role` VALUES (1297, 1004, 25);
INSERT INTO `t_sys_user_role` VALUES (1299, 1006, 25);
INSERT INTO `t_sys_user_role` VALUES (1301, 1008, 25);
INSERT INTO `t_sys_user_role` VALUES (1303, 1010, 25);
INSERT INTO `t_sys_user_role` VALUES (1305, 1012, 25);
INSERT INTO `t_sys_user_role` VALUES (1307, 1014, 25);
INSERT INTO `t_sys_user_role` VALUES (1309, 1016, 25);
INSERT INTO `t_sys_user_role` VALUES (1311, 1018, 25);
INSERT INTO `t_sys_user_role` VALUES (1313, 1020, 25);
INSERT INTO `t_sys_user_role` VALUES (1315, 1022, 25);
INSERT INTO `t_sys_user_role` VALUES (1317, 1024, 25);
INSERT INTO `t_sys_user_role` VALUES (1319, 1026, 25);
INSERT INTO `t_sys_user_role` VALUES (1321, 1028, 25);
INSERT INTO `t_sys_user_role` VALUES (1323, 1030, 25);
INSERT INTO `t_sys_user_role` VALUES (1325, 1032, 25);
INSERT INTO `t_sys_user_role` VALUES (1327, 1034, 25);
INSERT INTO `t_sys_user_role` VALUES (1329, 1036, 25);
INSERT INTO `t_sys_user_role` VALUES (1331, 1038, 25);
INSERT INTO `t_sys_user_role` VALUES (1333, 1040, 25);
INSERT INTO `t_sys_user_role` VALUES (1335, 1042, 25);
INSERT INTO `t_sys_user_role` VALUES (1337, 1044, 25);
INSERT INTO `t_sys_user_role` VALUES (1339, 1046, 25);
INSERT INTO `t_sys_user_role` VALUES (1341, 1048, 25);
INSERT INTO `t_sys_user_role` VALUES (1343, 1050, 25);
INSERT INTO `t_sys_user_role` VALUES (1345, 1052, 22);
INSERT INTO `t_sys_user_role` VALUES (1347, 1054, 23);
INSERT INTO `t_sys_user_role` VALUES (1349, 1056, 22);
INSERT INTO `t_sys_user_role` VALUES (1351, 1058, 22);
INSERT INTO `t_sys_user_role` VALUES (1353, 1060, 22);
INSERT INTO `t_sys_user_role` VALUES (1355, 1062, 23);
INSERT INTO `t_sys_user_role` VALUES (1357, 1064, 23);
INSERT INTO `t_sys_user_role` VALUES (1359, 1066, 23);
INSERT INTO `t_sys_user_role` VALUES (1361, 1068, 23);
INSERT INTO `t_sys_user_role` VALUES (1363, 1070, 23);
INSERT INTO `t_sys_user_role` VALUES (1365, 1072, 23);
INSERT INTO `t_sys_user_role` VALUES (1367, 1074, 23);
INSERT INTO `t_sys_user_role` VALUES (1369, 1076, 23);
INSERT INTO `t_sys_user_role` VALUES (1371, 1078, 23);
INSERT INTO `t_sys_user_role` VALUES (1373, 1080, 23);
INSERT INTO `t_sys_user_role` VALUES (1375, 1082, 23);
INSERT INTO `t_sys_user_role` VALUES (1377, 1084, 23);
INSERT INTO `t_sys_user_role` VALUES (1379, 1086, 23);
INSERT INTO `t_sys_user_role` VALUES (1381, 1088, 22);
INSERT INTO `t_sys_user_role` VALUES (1383, 1090, 25);
INSERT INTO `t_sys_user_role` VALUES (1385, 1092, 25);
INSERT INTO `t_sys_user_role` VALUES (1387, 1094, 25);
INSERT INTO `t_sys_user_role` VALUES (1389, 1096, 25);
INSERT INTO `t_sys_user_role` VALUES (1391, 1098, 25);
INSERT INTO `t_sys_user_role` VALUES (1393, 1100, 25);
INSERT INTO `t_sys_user_role` VALUES (1395, 1102, 25);
INSERT INTO `t_sys_user_role` VALUES (1397, 1104, 23);
INSERT INTO `t_sys_user_role` VALUES (1399, 1106, 23);
INSERT INTO `t_sys_user_role` VALUES (1401, 1108, 25);
INSERT INTO `t_sys_user_role` VALUES (1403, 1110, 25);
INSERT INTO `t_sys_user_role` VALUES (1405, 1112, 25);
INSERT INTO `t_sys_user_role` VALUES (1407, 1114, 25);
INSERT INTO `t_sys_user_role` VALUES (1409, 1116, 25);
INSERT INTO `t_sys_user_role` VALUES (1411, 1118, 25);
INSERT INTO `t_sys_user_role` VALUES (1413, 1120, 25);
INSERT INTO `t_sys_user_role` VALUES (1415, 1122, 25);
INSERT INTO `t_sys_user_role` VALUES (1417, 1124, 23);
INSERT INTO `t_sys_user_role` VALUES (1419, 1126, 25);
INSERT INTO `t_sys_user_role` VALUES (1421, 1128, 25);
INSERT INTO `t_sys_user_role` VALUES (1423, 1130, 25);
INSERT INTO `t_sys_user_role` VALUES (1425, 1132, 25);
INSERT INTO `t_sys_user_role` VALUES (1427, 1134, 25);
INSERT INTO `t_sys_user_role` VALUES (1429, 1136, 25);
INSERT INTO `t_sys_user_role` VALUES (1431, 1138, 25);
INSERT INTO `t_sys_user_role` VALUES (1433, 1140, 25);
INSERT INTO `t_sys_user_role` VALUES (1435, 1142, 25);
INSERT INTO `t_sys_user_role` VALUES (1437, 1144, 23);
INSERT INTO `t_sys_user_role` VALUES (1439, 1146, 25);
INSERT INTO `t_sys_user_role` VALUES (1441, 1148, 25);
INSERT INTO `t_sys_user_role` VALUES (1443, 1150, 25);
INSERT INTO `t_sys_user_role` VALUES (1445, 1152, 25);
INSERT INTO `t_sys_user_role` VALUES (1447, 1154, 25);
INSERT INTO `t_sys_user_role` VALUES (1449, 1156, 25);
INSERT INTO `t_sys_user_role` VALUES (1451, 1158, 25);
INSERT INTO `t_sys_user_role` VALUES (1453, 1160, 25);
INSERT INTO `t_sys_user_role` VALUES (1455, 1162, 25);
INSERT INTO `t_sys_user_role` VALUES (1457, 1164, 25);
INSERT INTO `t_sys_user_role` VALUES (1459, 1166, 25);
INSERT INTO `t_sys_user_role` VALUES (1461, 1168, 25);
INSERT INTO `t_sys_user_role` VALUES (1463, 1170, 25);
INSERT INTO `t_sys_user_role` VALUES (1465, 1172, 25);
INSERT INTO `t_sys_user_role` VALUES (1467, 1174, 25);
INSERT INTO `t_sys_user_role` VALUES (1469, 1176, 25);
INSERT INTO `t_sys_user_role` VALUES (1471, 1178, 25);
INSERT INTO `t_sys_user_role` VALUES (1473, 1180, 25);
INSERT INTO `t_sys_user_role` VALUES (1475, 1182, 25);
INSERT INTO `t_sys_user_role` VALUES (1477, 1184, 25);
INSERT INTO `t_sys_user_role` VALUES (1479, 1186, 25);
INSERT INTO `t_sys_user_role` VALUES (1481, 1188, 25);
INSERT INTO `t_sys_user_role` VALUES (1483, 1190, 25);
INSERT INTO `t_sys_user_role` VALUES (1485, 1192, 25);
INSERT INTO `t_sys_user_role` VALUES (1487, 1194, 25);
INSERT INTO `t_sys_user_role` VALUES (1489, 1196, 25);
INSERT INTO `t_sys_user_role` VALUES (1491, 1198, 25);
INSERT INTO `t_sys_user_role` VALUES (1493, 1200, 25);
INSERT INTO `t_sys_user_role` VALUES (1495, 1202, 25);
INSERT INTO `t_sys_user_role` VALUES (1497, 1204, 25);
INSERT INTO `t_sys_user_role` VALUES (1499, 1206, 25);
INSERT INTO `t_sys_user_role` VALUES (1501, 1208, 25);
INSERT INTO `t_sys_user_role` VALUES (1503, 1210, 25);
INSERT INTO `t_sys_user_role` VALUES (1505, 1212, 25);
INSERT INTO `t_sys_user_role` VALUES (1507, 1214, 25);
INSERT INTO `t_sys_user_role` VALUES (1509, 1216, 25);
INSERT INTO `t_sys_user_role` VALUES (1511, 1218, 25);
INSERT INTO `t_sys_user_role` VALUES (1513, 1220, 25);
INSERT INTO `t_sys_user_role` VALUES (1515, 1222, 25);
INSERT INTO `t_sys_user_role` VALUES (1517, 1224, 25);
INSERT INTO `t_sys_user_role` VALUES (1519, 1226, 25);
INSERT INTO `t_sys_user_role` VALUES (1521, 1228, 25);
INSERT INTO `t_sys_user_role` VALUES (1523, 1230, 22);
INSERT INTO `t_sys_user_role` VALUES (1525, 1232, 25);
INSERT INTO `t_sys_user_role` VALUES (1527, 1234, 25);
INSERT INTO `t_sys_user_role` VALUES (1529, 1236, 25);
INSERT INTO `t_sys_user_role` VALUES (1531, 1238, 25);
INSERT INTO `t_sys_user_role` VALUES (1533, 1240, 25);
INSERT INTO `t_sys_user_role` VALUES (1535, 1242, 25);
INSERT INTO `t_sys_user_role` VALUES (1537, 1244, 25);
INSERT INTO `t_sys_user_role` VALUES (1539, 1246, 25);
INSERT INTO `t_sys_user_role` VALUES (1541, 1248, 25);
INSERT INTO `t_sys_user_role` VALUES (1543, 1250, 25);
INSERT INTO `t_sys_user_role` VALUES (1545, 1252, 25);
INSERT INTO `t_sys_user_role` VALUES (1547, 1254, 25);
INSERT INTO `t_sys_user_role` VALUES (1549, 1256, 25);
INSERT INTO `t_sys_user_role` VALUES (1551, 1258, 25);
INSERT INTO `t_sys_user_role` VALUES (1553, 1260, 25);
INSERT INTO `t_sys_user_role` VALUES (1555, 1262, 23);
INSERT INTO `t_sys_user_role` VALUES (1557, 1264, 25);
INSERT INTO `t_sys_user_role` VALUES (1559, 1266, 25);
INSERT INTO `t_sys_user_role` VALUES (1561, 1268, 25);
INSERT INTO `t_sys_user_role` VALUES (1563, 1270, 25);
INSERT INTO `t_sys_user_role` VALUES (1565, 1272, 25);
INSERT INTO `t_sys_user_role` VALUES (1567, 1274, 25);
INSERT INTO `t_sys_user_role` VALUES (1569, 1276, 25);
INSERT INTO `t_sys_user_role` VALUES (1571, 1278, 25);
INSERT INTO `t_sys_user_role` VALUES (1573, 1280, 25);
INSERT INTO `t_sys_user_role` VALUES (1575, 1282, 25);
INSERT INTO `t_sys_user_role` VALUES (1577, 1284, 23);
INSERT INTO `t_sys_user_role` VALUES (1579, 1286, 25);
INSERT INTO `t_sys_user_role` VALUES (1581, 1288, 25);
INSERT INTO `t_sys_user_role` VALUES (1583, 1290, 25);
INSERT INTO `t_sys_user_role` VALUES (1585, 1292, 25);
INSERT INTO `t_sys_user_role` VALUES (1587, 1294, 25);
INSERT INTO `t_sys_user_role` VALUES (1589, 1296, 25);
INSERT INTO `t_sys_user_role` VALUES (1591, 1298, 25);
INSERT INTO `t_sys_user_role` VALUES (1593, 1300, 25);
INSERT INTO `t_sys_user_role` VALUES (1595, 1302, 25);
INSERT INTO `t_sys_user_role` VALUES (1597, 1304, 25);
INSERT INTO `t_sys_user_role` VALUES (1599, 1306, 25);
INSERT INTO `t_sys_user_role` VALUES (1601, 1308, 25);
INSERT INTO `t_sys_user_role` VALUES (1603, 1310, 25);
INSERT INTO `t_sys_user_role` VALUES (1605, 1312, 25);
INSERT INTO `t_sys_user_role` VALUES (1607, 1314, 25);
INSERT INTO `t_sys_user_role` VALUES (1609, 1316, 25);
INSERT INTO `t_sys_user_role` VALUES (1611, 1318, 25);
INSERT INTO `t_sys_user_role` VALUES (1613, 1320, 25);
INSERT INTO `t_sys_user_role` VALUES (1615, 1322, 25);
INSERT INTO `t_sys_user_role` VALUES (1617, 1324, 23);
INSERT INTO `t_sys_user_role` VALUES (1619, 1326, 23);
INSERT INTO `t_sys_user_role` VALUES (1621, 1328, 23);
INSERT INTO `t_sys_user_role` VALUES (1623, 1330, 23);
INSERT INTO `t_sys_user_role` VALUES (1625, 1332, 23);
INSERT INTO `t_sys_user_role` VALUES (1627, 1334, 25);
INSERT INTO `t_sys_user_role` VALUES (1629, 1336, 25);
INSERT INTO `t_sys_user_role` VALUES (1631, 1338, 25);
INSERT INTO `t_sys_user_role` VALUES (1633, 1340, 25);
INSERT INTO `t_sys_user_role` VALUES (1635, 1342, 25);
INSERT INTO `t_sys_user_role` VALUES (1637, 1344, 25);
INSERT INTO `t_sys_user_role` VALUES (1639, 1346, 25);
INSERT INTO `t_sys_user_role` VALUES (1641, 1348, 25);
INSERT INTO `t_sys_user_role` VALUES (1643, 1350, 25);
INSERT INTO `t_sys_user_role` VALUES (1645, 1352, 25);
INSERT INTO `t_sys_user_role` VALUES (1647, 1354, 25);
INSERT INTO `t_sys_user_role` VALUES (1649, 1356, 23);
INSERT INTO `t_sys_user_role` VALUES (1651, 1358, 25);
INSERT INTO `t_sys_user_role` VALUES (1653, 1360, 25);
INSERT INTO `t_sys_user_role` VALUES (1655, 1362, 25);
INSERT INTO `t_sys_user_role` VALUES (1657, 1364, 25);
INSERT INTO `t_sys_user_role` VALUES (1659, 1366, 25);
INSERT INTO `t_sys_user_role` VALUES (1661, 1368, 25);
INSERT INTO `t_sys_user_role` VALUES (1663, 1370, 25);
INSERT INTO `t_sys_user_role` VALUES (1665, 1372, 25);
INSERT INTO `t_sys_user_role` VALUES (1667, 1374, 25);
INSERT INTO `t_sys_user_role` VALUES (1669, 1376, 25);
INSERT INTO `t_sys_user_role` VALUES (1671, 1378, 25);
INSERT INTO `t_sys_user_role` VALUES (1673, 1380, 25);
INSERT INTO `t_sys_user_role` VALUES (1675, 1382, 25);
INSERT INTO `t_sys_user_role` VALUES (1677, 1384, 25);
INSERT INTO `t_sys_user_role` VALUES (1679, 1386, 25);
INSERT INTO `t_sys_user_role` VALUES (1681, 1388, 25);
INSERT INTO `t_sys_user_role` VALUES (1683, 1390, 25);
INSERT INTO `t_sys_user_role` VALUES (1685, 1392, 25);
INSERT INTO `t_sys_user_role` VALUES (1687, 1394, 25);
INSERT INTO `t_sys_user_role` VALUES (1689, 1396, 23);
INSERT INTO `t_sys_user_role` VALUES (1691, 1398, 25);
INSERT INTO `t_sys_user_role` VALUES (1693, 1400, 25);
INSERT INTO `t_sys_user_role` VALUES (1695, 1402, 25);
INSERT INTO `t_sys_user_role` VALUES (1697, 1404, 25);
INSERT INTO `t_sys_user_role` VALUES (1699, 1406, 25);
INSERT INTO `t_sys_user_role` VALUES (1701, 1408, 25);
INSERT INTO `t_sys_user_role` VALUES (1703, 1410, 25);
INSERT INTO `t_sys_user_role` VALUES (1705, 1412, 25);
INSERT INTO `t_sys_user_role` VALUES (1707, 1414, 25);
INSERT INTO `t_sys_user_role` VALUES (1709, 1416, 25);
INSERT INTO `t_sys_user_role` VALUES (1711, 1418, 25);
INSERT INTO `t_sys_user_role` VALUES (1713, 1420, 25);
INSERT INTO `t_sys_user_role` VALUES (1715, 1422, 25);
INSERT INTO `t_sys_user_role` VALUES (1717, 1424, 25);
INSERT INTO `t_sys_user_role` VALUES (1719, 1426, 22);
INSERT INTO `t_sys_user_role` VALUES (1721, 1428, 23);
INSERT INTO `t_sys_user_role` VALUES (1723, 1430, 22);
INSERT INTO `t_sys_user_role` VALUES (1725, 1432, 22);
INSERT INTO `t_sys_user_role` VALUES (1727, 1434, 22);
INSERT INTO `t_sys_user_role` VALUES (1729, 1436, 22);
INSERT INTO `t_sys_user_role` VALUES (1731, 1438, 22);
INSERT INTO `t_sys_user_role` VALUES (1733, 1440, 22);
INSERT INTO `t_sys_user_role` VALUES (1735, 1442, 25);
INSERT INTO `t_sys_user_role` VALUES (1737, 1444, 25);
INSERT INTO `t_sys_user_role` VALUES (1739, 1446, 25);
INSERT INTO `t_sys_user_role` VALUES (1741, 1448, 25);
INSERT INTO `t_sys_user_role` VALUES (1743, 1450, 25);
INSERT INTO `t_sys_user_role` VALUES (1745, 1452, 25);
INSERT INTO `t_sys_user_role` VALUES (1747, 1454, 25);
INSERT INTO `t_sys_user_role` VALUES (1749, 1456, 25);
INSERT INTO `t_sys_user_role` VALUES (1751, 1458, 25);
INSERT INTO `t_sys_user_role` VALUES (1753, 1460, 25);
INSERT INTO `t_sys_user_role` VALUES (1755, 1462, 25);
INSERT INTO `t_sys_user_role` VALUES (1757, 1464, 25);
INSERT INTO `t_sys_user_role` VALUES (1759, 1466, 25);
INSERT INTO `t_sys_user_role` VALUES (1761, 1468, 25);
INSERT INTO `t_sys_user_role` VALUES (1763, 1470, 25);
INSERT INTO `t_sys_user_role` VALUES (1765, 1472, 25);
INSERT INTO `t_sys_user_role` VALUES (1767, 1474, 25);
INSERT INTO `t_sys_user_role` VALUES (1769, 1476, 25);
INSERT INTO `t_sys_user_role` VALUES (1771, 1478, 25);
INSERT INTO `t_sys_user_role` VALUES (1773, 1480, 23);
INSERT INTO `t_sys_user_role` VALUES (1775, 1482, 23);
INSERT INTO `t_sys_user_role` VALUES (1777, 1484, 25);
INSERT INTO `t_sys_user_role` VALUES (1779, 1486, 25);
INSERT INTO `t_sys_user_role` VALUES (1781, 1488, 25);
INSERT INTO `t_sys_user_role` VALUES (1783, 1490, 25);
INSERT INTO `t_sys_user_role` VALUES (1785, 1492, 25);
INSERT INTO `t_sys_user_role` VALUES (1787, 1494, 25);
INSERT INTO `t_sys_user_role` VALUES (1789, 1496, 25);
INSERT INTO `t_sys_user_role` VALUES (1791, 1498, 25);
INSERT INTO `t_sys_user_role` VALUES (1793, 1500, 25);
INSERT INTO `t_sys_user_role` VALUES (1795, 1502, 25);
INSERT INTO `t_sys_user_role` VALUES (1797, 1504, 25);
INSERT INTO `t_sys_user_role` VALUES (1799, 1506, 25);
INSERT INTO `t_sys_user_role` VALUES (1801, 1508, 25);
INSERT INTO `t_sys_user_role` VALUES (1803, 1510, 25);
INSERT INTO `t_sys_user_role` VALUES (1805, 1512, 25);
INSERT INTO `t_sys_user_role` VALUES (1807, 1514, 25);
INSERT INTO `t_sys_user_role` VALUES (1809, 1516, 22);
INSERT INTO `t_sys_user_role` VALUES (1811, 1518, 25);
INSERT INTO `t_sys_user_role` VALUES (1813, 1520, 22);
INSERT INTO `t_sys_user_role` VALUES (1815, 1522, 23);
INSERT INTO `t_sys_user_role` VALUES (1817, 1524, 22);
INSERT INTO `t_sys_user_role` VALUES (2460, 1526, 8);
INSERT INTO `t_sys_user_role` VALUES (2461, 1527, 1);
INSERT INTO `t_sys_user_role` VALUES (2519, 1528, 1);
INSERT INTO `t_sys_user_role` VALUES (2463, 1529, 1);
INSERT INTO `t_sys_user_role` VALUES (2465, 1530, 1);
INSERT INTO `t_sys_user_role` VALUES (2467, 1531, 1);
INSERT INTO `t_sys_user_role` VALUES (2469, 1532, 1);
INSERT INTO `t_sys_user_role` VALUES (2471, 1533, 1);
INSERT INTO `t_sys_user_role` VALUES (2473, 1534, 1);
INSERT INTO `t_sys_user_role` VALUES (2475, 1535, 1);
INSERT INTO `t_sys_user_role` VALUES (2477, 1536, 1);
INSERT INTO `t_sys_user_role` VALUES (2479, 1537, 1);
INSERT INTO `t_sys_user_role` VALUES (2481, 1538, 1);
INSERT INTO `t_sys_user_role` VALUES (2483, 1539, 1);
INSERT INTO `t_sys_user_role` VALUES (2485, 1540, 1);
INSERT INTO `t_sys_user_role` VALUES (2487, 1541, 1);
INSERT INTO `t_sys_user_role` VALUES (2489, 1542, 1);
INSERT INTO `t_sys_user_role` VALUES (2491, 1543, 1);
INSERT INTO `t_sys_user_role` VALUES (2493, 1544, 1);
INSERT INTO `t_sys_user_role` VALUES (2495, 1545, 1);
INSERT INTO `t_sys_user_role` VALUES (2497, 1546, 1);
INSERT INTO `t_sys_user_role` VALUES (2499, 1547, 1);
INSERT INTO `t_sys_user_role` VALUES (2501, 1548, 1);
INSERT INTO `t_sys_user_role` VALUES (2503, 1549, 1);
INSERT INTO `t_sys_user_role` VALUES (2505, 1550, 1);
INSERT INTO `t_sys_user_role` VALUES (2507, 1551, 1);
INSERT INTO `t_sys_user_role` VALUES (2509, 1552, 1);
INSERT INTO `t_sys_user_role` VALUES (2511, 1553, 1);
INSERT INTO `t_sys_user_role` VALUES (2513, 1554, 1);
INSERT INTO `t_sys_user_role` VALUES (2515, 1555, 1);

-- ----------------------------
-- Table structure for t_sys_user_token
-- ----------------------------
DROP TABLE IF EXISTS `t_sys_user_token`;
CREATE TABLE `t_sys_user_token`  (
  `user_id` bigint(19) NOT NULL,
  `token` varchar(500) CHARACTER SET utf8 COLLATE utf8_general_ci NOT NULL COMMENT 'token',
  `expire_time` datetime(0) NULL DEFAULT NULL COMMENT '过期时间',
  `update_time` datetime(0) NULL DEFAULT NULL COMMENT '更新时间',
  PRIMARY KEY (`user_id`) USING BTREE,
  UNIQUE INDEX `token`(`token`) USING BTREE
) ENGINE = InnoDB CHARACTER SET = utf8 COLLATE = utf8_general_ci COMMENT = '系统用户Token' ROW_FORMAT = Dynamic;

-- ----------------------------
-- Records of t_sys_user_token
-- ----------------------------
INSERT INTO `t_sys_user_token` VALUES (1, 'eyJhbGciOiJIUzUxMiJ9.eyJleHAiOjE1NTkyMDM4NDgsInRva2VuIjoxfQ.p73UEmqyYmHDON90aRpa9YnxFYCNjWPWCAgndZAHDAGUT_fpbkB-8bEWmgYNaf9LVRqvQGnzN9aVY5jZ0m0dYg', '2019-05-30 16:10:49', '2019-05-30 15:40:49');

SET FOREIGN_KEY_CHECKS = 1;
